code,name_vi,name_en,category_vi,category_en,energy_kcal,protein_g,fat_g,carbs_g,fiber_g,sugar_g,water_g,ash_g,calcium_mg,iron_mg,sodium_mg,potassium_mg,zinc_mg,magnesium_mg,phosphorus_mg,copper_mg,manganese_mg,selenium_mcg,vitamin_c_mg,retinol_mcg,vitamin_a_rae_mcg,vitamin_b1_mg,vitamin_b2_mg,vitamin_b3_mg,vitamin_b5_mg,vitamin_b6_mg,folate_total_mcg,folate_food_mcg
10001,Sữa tươi không đường,"Milk cow, fresh (Fluid)",Sữa và sản phẩm chế biến,Milk and processed products,74,3.9,4.4,4.8,,5.26,86.2,0.7,111.33,0.09,352.54,132.67,0.37,14.84,88.14,0.02,0,1.11,1,50,51.83,0.05,0.19,0.1,0.36,0.04,5,5
10002,Sữa dê tươi,Milk goat's whole,Sữa và sản phẩm chế biến,Milk and processed products,69,3.5,4.1,4.5,,4.45,87.2,0.7,147,0.1,50,204,0.3,14,126,0.05,0.02,1.4,3,50,51.67,0.04,0.18,0.3,0.31,0.05,1,1
10003,Sữa mẹ (sữa người),"Breast milk (Milk human, fluid, whole).",Sữa và sản phẩm chế biến,Milk and processed products,61,1.5,3,7,,6.89,88.3,0.2,34,0.1,15,41,0.4,2,15,0.01,0.01,1.8,6,90,90.08,0.01,0.04,0.1,0.22,0.01,5,5
10006,Sữa bột toàn phần,"Milk, dried, whole powder",Sữa và sản phẩm chế biến,Milk and processed products,494,27,26,38,,38.42,3.5,5.5,939,0.47,371,1330,3.34,85,790,0.08,0.04,16.3,10,318.33,321.91,0.24,1.31,0.7,2.27,0.3,37,37
10007,Sữa bột tách béo,Skimmed milk powder,Sữa và sản phẩm chế biến,Milk and processed products,357,35,1,52,,51.48,4,8,1246,0.45,535,1794,4.08,110,980,0.04,0.02,27.3,6,6,6.08,0.42,0.6,1.2,3.57,0.36,50,50
10008,Sữa đặc có đường,Milk condensed sweetened,Sữa và sản phẩm chế biến,Milk and processed products,336,8.1,8.8,56,,,25.4,1.7,307,0.6,,,,,219,,,,,58,62.17,0.06,0.3,0.2,,,,
10009,Phô mai (phó mát),Cheese (type whole fat),Sữa và sản phẩm chế biến,Milk and processed products,380,25.5,30.9,0.0,,0.52,38.9,4.7,760,0.5,621,98,3.11,28,424,0.03,0.01,13.9,0.5,275,284.83,0.1,0.51,0.1,0.41,0.07,18,18
1001,Gạo nếp,"Rice, white, glutinous, raw",Ngũ cốc và sản phẩm chế biến,Cereals and processed products,348,8.6,1.5,75.1,0.6,,14,0.8,32,1.2,3,282,2.2,17,98,0.28,1.1,,,,,0.14,0.06,2.4,,,,
10015,Sữa tươi có đường,"Milk, cow, steralized, with sugar, whole, white",Sữa và sản phẩm chế biến,Milk and processed products,85,3.9,4.4,7.34,,6.01,84.65,0.7,120,0.1,380,143,0.4,16,95,0.02,0,1.2,1,,51.83,0.05,0.19,0.1,0.36,0.04,5,
10031,Sữa chua uống,"Yougurt, drink/liquid, with sugar, whole, white",Sữa và sản phẩm chế biến,Milk and processed products,62,3.47,3.25,4.66,,4.66,87.9,0.72,121,0.05,46,155,0.59,12,95,0.01,0,2.2,0.5,,27,0.03,0.14,0.08,0.39,0.03,7,7
10035,Sữa chua có đường,"Yougurt, thick, with sugar, whole, white",Sữa và sản phẩm chế biến,Milk and processed products,65,3.3,3.7,4.66,,4.66,87.64,0.7,120,0.1,46,155,0.59,12,95,0.01,0,2.2,0.7,,25.92,0.04,0.2,0.1,0.39,0.03,7,
10036,Sữa chua không đường,"Yogurt, thick, without sugar, whole, white",Sữa và sản phẩm chế biến,Milk and processed products,61,3.3,3.7,3.6,,3.24,88.7,0.7,120,0.1,46,155,0.59,12,95,0.01,0,2.2,0.7,,25.92,0.04,0.2,0.1,0.39,0.03,7,
1004,Gạo tẻ,"Rice, white, polished, raw",Ngũ cốc và sản phẩm chế biến,Cereals and processed products,346,7.9,1,76.3,0.4,,14,0.8,30,1.3,5,241,1.5,14,104,0.23,0.9,31.8,,,,0.1,0.03,1.6,1.34,0.15,9,9
10048,Sữa hộp Milo,Chocolate drink packaged,Sữa và sản phẩm chế biến,Milk and processed products,55,0.92,0.55,11.54,,9.03,86.34,0.65,21,0.17,73,99,0.21,12,43,0.05,0.04,0.7,,,,0.01,0.08,0.08,0.12,0.02,1,1
1005,Gạo lứt,"Rice, brown, raw",Ngũ cốc và sản phẩm chế biến,Cereals and processed products,359,7.5,2.68,76.18,3.4,,12.37,1.27,16,2.8,5,202,1.9,52,246,0.36,1.5,38.8,,,,0.34,0.07,5,1.5,0.62,20,20
1006,"Kê, hạt","Millet, raw",Ngũ cốc và sản phẩm chế biến,Cereals and processed products,345,7,3,72.4,3.4,,14,3.6,22,2.7,7,249,1.5,430,290,0.44,1.7,2.7,,,5,0.4,0.09,1.6,0.85,0.38,85,85
1007,Bắp ngô (ngô tươi),"Corn, whole corb, fresh",Ngũ cốc và sản phẩm chế biến,Cereals and processed products,200,4.1,2.3,40.8,1.2,1.7,52,0.8,20,1.5,3,306,1.4,39,187,0.24,0.35,4,12,,20,0.15,0.08,1.8,0.54,0.16,33,33
1008,Ngô ngọt (ngô hạt),"Corn, yellow, seed, dried",Ngũ cốc và sản phẩm chế biến,Cereals and processed products,362,8.6,4.7,71.4,2,0.64,14,1.3,30,2.3,35,287,2.21,127,190,0.31,0.49,15.5,,,10.71,0.28,0.11,2,0.42,0.62,19,19
1009,"Bánh bao, nhân thịt","Dumpling, with pork",Ngũ cốc và sản phẩm chế biến,Cereals and processed products,276,10.4,10.8,34.2,0.5,,43.2,1.4,19,1.5,,,,,88,,,,,,,0.1,0.04,1,,,,
1010,Bánh đa nem,"Vietnamese rice paper, raw",Ngũ cốc và sản phẩm chế biến,Cereals and processed products,335,4,0.2,79.4,0.5,,15,1.4,20,0.3,,,,,65,,,,,,,,,,,,,
1011,Bánh đúc,"Rice cake made of rice flour, and lime water, cooked",Ngũ cốc và sản phẩm chế biến,Cereals and processed products,52,0.9,0.3,11.4,0.1,,86.8,0.6,50,0.4,,,,,19,,,,,,,,,,,,,
1012,Bánh mì,"Bread, French style",Ngũ cốc và sản phẩm chế biến,Cereals and processed products,250,7.9,0.8,52.8,0.2,,37.2,1.3,28,2,,,,,164,,,,,,,0.1,0.07,0.7,,,,
1013,Bánh phở tươi,"Rice noodles, raw",Ngũ cốc và sản phẩm chế biến,Cereals and processed products,146,3.2,0.9,31.2,,,64.3,0.4,16,0.3,3,15,,,64,,,,,,,0.01,0.01,0.2,,,,
1014,Bánh quẩy,"Fried breadstick, Youtiao",Ngũ cốc và sản phẩm chế biến,Cereals and processed products,200,3.7,6.8,30.8,0.7,,57.6,1.1,,,,,,,,,,,,,,,,,,,,
1015,Bỏng ngô,Corn flakes,Ngũ cốc và sản phẩm chế biến,Cereals and processed products,386,8.6,1.6,84.2,3.4,,3,2.6,3,0.6,346,609,,334,47,,,,,,,0.02,0.03,0.6,,,,
1016,Bột nếp,"Rice flour, glutinous",Ngũ cốc và sản phẩm chế biến,Cereals and processed products,365,8.2,1.6,79.4,0.6,,10,0.8,12,0.8,3.12,293.07,2.29,17.67,148,0.29,1.14,15.69,,,,0.1,0.02,1.7,0.3,0.11,7.27,7.27
1017,Bột gạo,"Rice flour, white",Ngũ cốc và sản phẩm chế biến,Cereals and processed products,360,6.6,0.4,82.6,0.4,,10,0.4,24,1.9,,76,0.8,35,135,0.13,1.2,15.1,,,,0.08,0.05,2.1,0.82,0.44,4,4
1018,Bột mì,"Wheat flour, white",Ngũ cốc và sản phẩm chế biến,Cereals and processed products,347,11,1.1,73.2,0.3,,14,0.7,29,2,4,186,2.5,173,132,0.02,2,28,,,,0.18,0.13,1,1.01,0.34,44,44
1019,"Bột ngô, ngô vàng","Maize flour, yellow",Ngũ cốc và sản phẩm chế biến,Cereals and processed products,367,8.3,4,74.5,1.5,,12,1.2,15,2.1,5,315,1.73,93,170,0.23,0.46,15.4,,,10.71,0.17,0.08,1.9,0.66,0.37,25,25
1020,Bún tươi,"Rice vermicelli, soft noodles, fresh",Ngũ cốc và sản phẩm chế biến,Cereals and processed products,116,1.7,0.9,25.3,0.5,,72,0.1,12,0.2,,,,,32,,,,,,,0.04,0.01,0.08,,,,
1021,Cốm,"Rice, unriped, raw",Ngũ cốc và sản phẩm chế biến,Cereals and processed products,307,4.4,1.7,68.3,0.6,,24.4,1.2,24,1,,,,,143,,,,,,,,,,,,,
1022,"Mỳ sợi, khô","Wheat noodle, dried",Ngũ cốc và sản phẩm chế biến,Cereals and processed products,350,11,0.9,74.5,0.3,,13,0.6,34,1.5,,,,,97,,,,,,,0.1,0.04,1.1,,,13,13
1024002,Xôi nếp cẩm,"Rice glutinous (cooked), purple, boiled",Ngũ cốc và sản phẩm chế biến,Cereals and processed products,235,5.59,1.71,49.21,3.22,,42.57,0.92,13.82,2.3,1.32,53.95,,,141.45,,,,,,,0.15,0.04,0.79,,,,
1032,"Bánh mì, vuông, ngọt","Bread, square/sandwich type, sweet",Ngũ cốc và sản phẩm chế biến,Cereals and processed products,384,7.89,15.79,52.63,2.6,18.42,,,,2.84,276,,,,,,,,,,,,,,,,,
1038,Bánh bao chay,"Dumplings, no filled",Ngũ cốc và sản phẩm chế biến,Cereals and processed products,221,6.1,0.5,48,0.5,,44,1.4,19,1.5,,,,,88,,,,,,,0.1,0.04,1,,,,
1041,"Bánh đa (đỏ, trắng)","Vietnamese style rice noodles (flat), raw",Ngũ cốc và sản phẩm chế biến,Cereals and processed products,347,5.28,0.0,81.41,1.55,,13,0.31,37.29,0.62,,,,,99.43,,,,,,,0.12,0.03,0.25,,,,
1043,"Mỳ ăn liền, lúa mì","Instant noodle, wheat, uncooked",Ngũ cốc và sản phẩm chế biến,Cereals and processed products,364,6.7,5.9,70.9,2,,7.4,9.1,16,1,2593,83,,,,,,,,,,,,,,,,
1045,Sợi mỳ Quảng,,Ngũ cốc và sản phẩm chế biến,Cereals and processed products,353,5.32,0.27,82.23,,,,,,,,,,,,,,,,,,,,,,,,
11001,Chuối nước đường,"Banana, canned sweetened",Đồ hộp,Canned food,63,0.5,0.0,15.2,1.3,,83.9,0.4,12,0.6,,,,,160,,,,9,,,,,,,,,
11002,Dưa chuột hộp,Cucumber (canned),Đồ hộp,Canned food,19,0.3,0.14,4.16,0.7,1.06,95,0.4,12,0.3,154.38,2.94,0,0.51,16,0.01,0,,2,,6.5,0.02,0.03,0.1,0.04,0.01,1,1
11003,Dứa hộp,"Pineapple, canned sweetened",Đồ hộp,Canned food,57,0.3,0.06,13.84,0.2,12.65,85.6,0.2,20,0.3,1,105,0.12,16,12,0.1,1.1,0.4,14,,1.92,0.06,0.01,0.2,0.1,0.07,5,5
11004,Lạc chao dầu,"Peanut, oil fried",Đồ hộp,Canned food,680,25.7,59.5,10.3,,,1.8,2.7,,,,,,,,,,,,,,,,,,,,
11005,Mắc coọc nước đường,Pyrus pachis in syrup,Đồ hộp,Canned food,58,0.2,0.0,14.4,0.7,,85.1,0.3,20,0.4,,,,,16,,,,14,,,,,,,,,
11006,Mận nước đường,"Plum, canned sweetened",Đồ hộp,Canned food,62,0.3,0.1,14.9,1.8,15.35,84.5,0.2,16,0.86,20,93,0.08,5,15,0.04,0.03,,0.4,,11.54,0.02,0.04,0.3,0.07,0.03,3,3
11007,Mứt bí ngô,Pumpkin jam,Đồ hộp,Canned food,201,0.5,0.0,49.8,0.7,,49.4,0.3,32,,,,,,92,,,,,,,,,,,,,
11008,Mứt cam có vỏ,"Orange marmalade, jellies",Đồ hộp,Canned food,227,0.4,0.0,56.4,2.2,,42.8,0.4,28,0.26,,,,,22,,,,,,4.17,0.03,0.01,0.03,,,,
11009,Mứt chuối,Banana jam,Đồ hộp,Canned food,224,0.7,0.0,55.2,1.3,,43.8,0.3,28,0.3,,,,,28,,,,,,,,,,,,,
11010,Mứt dứa,Pineapple jam,Đồ hộp,Canned food,210,0.5,0.0,51.9,0.4,,47.2,0.4,20,0.3,,,,,16,,,,13,,1.67,0.09,0.05,0.3,,,,
11011,Mứt đu đủ,Papaya jam,Đồ hộp,Canned food,186,0.4,0.0,46.1,2,,53.2,0.3,24,,,,,,30,,,,,,,,,,,,,
11012,Nhãn nước đường,"Longan, canned sweetened",Đồ hộp,Canned food,66,0.5,0.0,16,1,,83.3,0.2,12,0.3,,,,,230,,,,32,,,,0.04,0.1,,,,
11013,Nước dứa hộp,Pineapple juice,Đồ hộp,Canned food,41,0.3,0.06,9.74,0.4,9.98,89.6,0.3,32,0.3,2,130,0.11,12,12,0.07,0.5,0.1,41,,0.25,0.04,0.01,0.2,0.06,0.1,18,18
11014,Vải nước đường,"Litchi, canned sweetened",Đồ hộp,Canned food,65,0.4,0.0,15.8,1.1,,83.6,0.2,8,0.6,,,,,160,,,,10,,,,0.04,0.1,,,,
11015,Cá thu hộp,"Mackerel, canned",Đồ hộp,Canned food,207,24.8,12,0.0,,,57.5,5.7,50,1.6,,,,,260,,,,,,,0.02,0.1,6.5,,,,
11016,Cá trích hộp,"Herring, canned",Đồ hộp,Canned food,233,22.3,14.4,3.5,,,56.7,3.1,86,2.3,,,,,437,,,,,28,28,0.02,0.12,2.49,,,,
11017,Thịt bò hộp,"Beef, canned",Đồ hộp,Canned food,251,16.4,20.6,0.0,,,61.4,1.6,13,2.9,,,,,250,,,,,,,,0.23,2.5,,,,
11018,Thịt gà hộp,"Chicken, canned",Đồ hộp,Canned food,273,17,22.8,0.0,,,59,1.2,108,2.8,,,,,138,,,,,520,520,0.09,0.37,2.41,,,,
11019,Thịt lợn hộp,"Pork, canned",Đồ hộp,Canned food,344,17.3,29.3,2.7,,,49,1.7,9,1.2,,,,,200,,,,,,,0.19,0.21,3.2,,,,
11020,"Thịt lợn, thịt bò xay hộp",Pork beef mince canned,Đồ hộp,Canned food,244,16,20,0.0,,,62.8,1.2,8,2.1,,,,,120,,,,0.8,8,8,0.26,0.19,5.5,,,,
11021,Thịt vịt hầm,"Duck, stewed meat",Đồ hộp,Canned food,224,19.6,16.2,0.0,,,59.9,4.3,,,,,,,,,,,,,,,,,,,,
11022,Cá ngừ hộp,,Đồ hộp,Canned food,85,19,0.94,0.08,,,79,,18,1.67,219,176,0.66,,,,,,,17,,,,,,,,
11023,Cá nục hộp,,Đồ hộp,Canned food,233,22.3,14.4,3.5,,,56.7,3.1,86,2.3,,,,,437,,,,,28,28,0.02,0.12,2.49,,,,
12001,Bánh bích cốt,Whole wheat rusk,"Đồ ngọt (đường, bánh, mứt, kẹo)","Sweets (sugar, cakes, jams, candies)",349,12.3,1.3,72.1,0.8,,12,2.3,39,2.7,,,,,231,,,,,86.17,87.25,0.36,0.18,0.2,,,,
12002,Bánh bích quy,"Biscuits, plain","Đồ ngọt (đường, bánh, mứt, kẹo)","Sweets (sugar, cakes, jams, candies)",378,8.8,4.5,75.6,0.5,,10.4,0.7,75.2,3.6,,,,,78.9,,,,,19,25.25,0.4,0.26,0.7,,,,
12003,Bánh chả,"Small biscuit, fried","Đồ ngọt (đường, bánh, mứt, kẹo)","Sweets (sugar, cakes, jams, candies)",399,3.4,6.6,81.5,1,,8,0.5,41.7,1.9,,,,,29.4,,,,,,0.42,0.04,0.07,0.4,,,,
12004,Bánh con cá,"Small biscuits, fish figured","Đồ ngọt (đường, bánh, mứt, kẹo)","Sweets (sugar, cakes, jams, candies)",369,7.5,2.2,79.8,0.2,,10,0.5,54,2.9,,,,,98.9,,,,,,0.42,0.13,0.13,0.9,,,,
12005,Bánh đậu xanh,Mungbean cake,"Đồ ngọt (đường, bánh, mứt, kẹo)","Sweets (sugar, cakes, jams, candies)",420,15.6,11.5,63.5,1.1,,6.8,2.6,111,3.4,,,,,272.8,,,,,,8.75,0.2,0.15,6.6,,,,
12006,Bánh kem xốp,Wafers filled,"Đồ ngọt (đường, bánh, mứt, kẹo)","Sweets (sugar, cakes, jams, candies)",506,8.3,24,64.2,3.5,,1.9,1.6,86,0.8,,,,,125,,,,,84,84,0.12,0.31,0.57,,,,
12007,Bánh khảo chay,"Rice cake, plain","Đồ ngọt (đường, bánh, mứt, kẹo)","Sweets (sugar, cakes, jams, candies)",377,3.2,0.3,90.4,0.2,,5.8,0.3,2.1,0.1,,,,,0.9,,,,,,,0.04,,,,,,
12008,Bánh quế,Cinnamon waffle (roll),"Đồ ngọt (đường, bánh, mứt, kẹo)","Sweets (sugar, cakes, jams, candies)",436,8.3,10.7,76.7,0.3,,3.6,0.7,33.1,2,,,,,115.2,,,,,12,18.25,0.04,1.9,0.7,,,,
12009,Bánh sô cô la,Chocolate filled,"Đồ ngọt (đường, bánh, mứt, kẹo)","Sweets (sugar, cakes, jams, candies)",449,3.9,17.6,68.8,,,8.5,1.2,58,3.7,,,,,142,,,,,13,13.83,0.04,0.17,0.39,,,,
12010,Bánh thỏi sô cô la,Chocolate sweet,"Đồ ngọt (đường, bánh, mứt, kẹo)","Sweets (sugar, cakes, jams, candies)",543,4.9,30.4,62.5,,,0.8,1.4,280,1.5,,,,,280,,,,,,0.17,0.03,0.01,0.59,,,,
12011,Bánh trứng nhện,Small biscuit,"Đồ ngọt (đường, bánh, mứt, kẹo)","Sweets (sugar, cakes, jams, candies)",369,9.6,3.7,74.4,0.2,,11.6,0.7,76.4,3.9,,,,,140.4,,,,,17,25.75,0.15,0.36,0.9,,,,
12012,Bột ca cao,Cocoa powder,"Đồ ngọt (đường, bánh, mứt, kẹo)","Sweets (sugar, cakes, jams, candies)",423,23.3,17,44.2,4.6,1.75,9.4,6.1,128,13.86,21,1524,6.81,499,734,3.79,3.84,14.3,,,,0.08,0.24,2.19,0.25,0.12,32,32
12013,Đường cát,"Sugar crude, brown","Đồ ngọt (đường, bánh, mứt, kẹo)","Sweets (sugar, cakes, jams, candies)",383,1.1,0.0,94.6,,96.21,2.4,1.9,83,0.71,39,346,0.18,29,72,0.3,0.32,1.2,,,,0.05,0.1,0.3,0.11,0.03,1,1
12014,Đường (đường kính),Granulated sugar,"Đồ ngọt (đường, bánh, mứt, kẹo)","Sweets (sugar, cakes, jams, candies)",397,0.0,0.0,99.3,,,0.5,0.2,0.4,0.06,,2,,,0.1,,,0.6,,,,,0.02,,,,,
12015,Kẹo bơ cứng,"Toffee, sweets","Đồ ngọt (đường, bánh, mứt, kẹo)","Sweets (sugar, cakes, jams, candies)",448,2.1,17.2,71.1,,,8.8,0.8,64,0.76,,,,,64,,,,,,,,,0.4,,,,
12016,Kẹo cà phê,Coffee sweets,"Đồ ngọt (đường, bánh, mứt, kẹo)","Sweets (sugar, cakes, jams, candies)",378,0.0,1.3,91.5,,,6.6,0.6,,,,,,,,,,,,,,,,,,,,
12017,Kẹo cam chanh,"Sweets, caramel with citron, orange aroma","Đồ ngọt (đường, bánh, mứt, kẹo)","Sweets (sugar, cakes, jams, candies)",378,0.0,0.5,93.4,0.3,,5.4,0.7,23,1.4,,,,,12,,,,,,,,,,,,,
12018,Kẹo dừa mềm,Sweets with coconut aroma,"Đồ ngọt (đường, bánh, mứt, kẹo)","Sweets (sugar, cakes, jams, candies)",425,0.6,12.2,78.1,2.5,,8.5,0.6,15.6,0.4,,,,,6.6,,,,,,,,,,,,,
12019,Kẹo dứa mềm,Pineapple sweets candy,"Đồ ngọt (đường, bánh, mứt, kẹo)","Sweets (sugar, cakes, jams, candies)",425,0.6,12.2,78.1,2.5,,8.5,0.6,15.6,0.4,,,,,6.6,,,,,,,,,,,,,
12020,Kẹo lạc,Peanut candy,"Đồ ngọt (đường, bánh, mứt, kẹo)","Sweets (sugar, cakes, jams, candies)",458,10.3,16.5,67,2.2,,5,1.2,,,,,,,,,,,,,,,,,,,,
12021,Kẹo Pastille (kẹo ngậm bạc hà),Menthol pastille,"Đồ ngọt (đường, bánh, mứt, kẹo)","Sweets (sugar, cakes, jams, candies)",356,5.2,0.0,83.8,,,10.2,0.8,96,1.6,,,,,18,,,,,,,,,,,,,
12022,Kẹo sô cô la,Sweets with chocolate,"Đồ ngọt (đường, bánh, mứt, kẹo)","Sweets (sugar, cakes, jams, candies)",393,1.6,4.6,86.3,1.2,,6.8,0.7,,,,,,,,,,,,,,,,,,,,
12023,Kẹo sữa,Sweets with milk,"Đồ ngọt (đường, bánh, mứt, kẹo)","Sweets (sugar, cakes, jams, candies)",390,2.9,5.2,83,,,8.4,0.5,,,,,,,,,,,,,,,,,,,,
12024,Kẹo vừng viên,Sesame candy,"Đồ ngọt (đường, bánh, mứt, kẹo)","Sweets (sugar, cakes, jams, candies)",424,2.8,6.9,87.6,1.7,,1.7,1,,,,,,,,,,,,,,0.05,0.02,,,,,
12025,Mạch nha,Malt,"Đồ ngọt (đường, bánh, mứt, kẹo)","Sweets (sugar, cakes, jams, candies)",331,0.2,0.0,82.5,,,15,2.3,,,,,,,,,,,,,,,0.1,0.2,,,,
12026,Mật ong,Honey,"Đồ ngọt (đường, bánh, mứt, kẹo)","Sweets (sugar, cakes, jams, candies)",327,0.4,0.0,81.3,,82.12,18,0.3,5,0.9,4,52,0.22,2,16,0.04,0.08,0.8,4,,,,0.04,0.2,0.07,0.02,2,2
12027,Mứt lạc,Peanut sugar (Jam),"Đồ ngọt (đường, bánh, mứt, kẹo)","Sweets (sugar, cakes, jams, candies)",433,5.4,8.6,83.6,0.7,,1.8,0.6,,,,,,,,,,,,,,0.16,0.03,3,,,,
12044,Bánh chocopie,,"Đồ ngọt (đường, bánh, mứt, kẹo)","Sweets (sugar, cakes, jams, candies)",435.3,5.51,16.53,66.12,,33.06,,,,,303.03,,,,,,,,,,,,,,,,,
12053,Bánh sữa,,"Đồ ngọt (đường, bánh, mứt, kẹo)","Sweets (sugar, cakes, jams, candies)",427,10.32,11.35,70.95,,,,,,,,,,,,,,,,,,,,,,,,
12063,Thạch POKE hương trái cây,,"Đồ ngọt (đường, bánh, mứt, kẹo)","Sweets (sugar, cakes, jams, candies)",253,0.0,0.0,63.16,,63.16,,,,,,,,,,,,,,,,,,,,,,
12066,"Bim bim, gạo, mặn",,"Đồ ngọt (đường, bánh, mứt, kẹo)","Sweets (sugar, cakes, jams, candies)",458,5,27.5,47.5,2.5,,,,125,4.05,185,,,,,,,,,,,,,,,,,
12072,Đậu phộng da cá,,"Đồ ngọt (đường, bánh, mứt, kẹo)","Sweets (sugar, cakes, jams, candies)",540,13.33,33.33,46.67,,17,,2.5,,,,,,185,420,0.42,1.6,,,,,0.33,0.09,12,1.33,0.28,48,
12073,Kem ngô,,"Đồ ngọt (đường, bánh, mứt, kẹo)","Sweets (sugar, cakes, jams, candies)",199,3.2,8.4,27.6,0.9,,60,,120,0.21,60,188,0.34,,,,,,,96,96,,,,,,,
12077,Kem que Merino Cacao - Sô cô la,,"Đồ ngọt (đường, bánh, mứt, kẹo)","Sweets (sugar, cakes, jams, candies)",227,3.8,11,28.2,1.2,,55.7,,109,0.93,76,249,0.58,,,,,,,128,19,,,,,,,
12078,Kem đậu xanh,,"Đồ ngọt (đường, bánh, mứt, kẹo)","Sweets (sugar, cakes, jams, candies)",227,3.8,11,28.2,1.2,,55.7,,109,0.93,76,249,0.58,,,,,,,128,19,,,,,,,
12079,Kem tươi,,"Đồ ngọt (đường, bánh, mứt, kẹo)","Sweets (sugar, cakes, jams, candies)",345,2.1,37.0,2.8,3.1,,,,,27,,,,,,,,,,,,,,,,,,
12084,Bánh bông lan,,"Đồ ngọt (đường, bánh, mứt, kẹo)","Sweets (sugar, cakes, jams, candies)",489,5.1,29.5,50.8,,28.6,,,,,206,,,,,,,,,,,,,,,,,
12085,Bánh gấu,,"Đồ ngọt (đường, bánh, mứt, kẹo)","Sweets (sugar, cakes, jams, candies)",475.7,5.41,21.62,64.86,,,,,,,229.73,,,,,,,,,,,,,,,,,
12086,Bánh ngũ cốc cao năng lượng,,"Đồ ngọt (đường, bánh, mứt, kẹo)","Sweets (sugar, cakes, jams, candies)",500,14.1,31.9,39.1,,,,,,,,,,,,,,,,,,,,,,,,
12087,Bánh quy tròn nhân kem Ritz,,"Đồ ngọt (đường, bánh, mứt, kẹo)","Sweets (sugar, cakes, jams, candies)",507,6.9,28.3,56.3,,,,,,,,,,,,,,,,,,,,,,,,
12088,Bánh trứng Custas,,"Đồ ngọt (đường, bánh, mứt, kẹo)","Sweets (sugar, cakes, jams, candies)",434,4.26,25.53,46.81,,21,,,212.77,1.7,148.94,,,,,,,,,,,,,,,,,
12089,Bánh gối,,"Đồ ngọt (đường, bánh, mứt, kẹo)","Sweets (sugar, cakes, jams, candies)",318,3.7,9.1,55.42,0.18,,31.6,,18,,,,,,,,,,,,,,,,,,,
12090,Bánh rán nhân đỗ,,"Đồ ngọt (đường, bánh, mứt, kẹo)","Sweets (sugar, cakes, jams, candies)",318,3.7,9.1,55.42,0.18,35.4,31.6,,18,,,,,,,,,,,,,,,,,,,
12091,Bánh tiêu,,"Đồ ngọt (đường, bánh, mứt, kẹo)","Sweets (sugar, cakes, jams, candies)",318,3.7,9.1,55.42,0.18,35.4,31.6,,18,,,,,,,,,,,,,,,,,,,
13001,Cary bột,Cari powder,"Gia vị, nước chấm","Spices, sauces",318,8.2,7.3,54.9,8.9,,10,19.6,906,,,,,,421,,,,,,31.67,0.03,0.4,2.3,,,,
13002,Gừng khô (bột),Ginger root dried,"Gia vị, nước chấm","Spices, sauces",346,7.6,2.9,74.5,12.5,3.4,10.2,4.8,180,11.52,32,1343,4.72,184,148,0.48,26.5,38.5,7,,7.33,0.16,0.27,8.4,,0.84,39,39
13003,Gừng,Ginger root fresh,"Gia vị, nước chấm","Spices, sauces",41,0.4,0.51,8.59,3.3,1.7,90,0.5,60,2.5,7,316,0.34,43,8,0.23,0.23,0.7,5.3,,,0.04,0.04,0.7,0.2,0.16,11,11
13004,Hạt tiêu,Pepper black seeds,"Gia vị, nước chấm","Spices, sauces",365,7,7.4,67.6,33.5,0.64,13.5,4.5,732,4.6,44,1259,0.3,19,44,0.1,0.1,0.7,,,15,0.05,0.06,2.6,,0.34,10,10
13005,Muối ăn,Table salt,"Gia vị, nước chấm","Spices, sauces",0,0.0,0.0,0.0,,,1,99,150,0.81,38758,4,,,70,,,,,,,,,,,,,
13006,Bột nghệ,"Turmeric rhizome, dried","Gia vị, nước chấm","Spices, sauces",380,7.83,9.88,64.91,21.1,3.21,11.36,6.02,146,18.6,38,2525,4.35,193,284,0.6,7.83,4.5,25.9,,,0.03,0.12,2.3,,1.8,39,39
13007,Nghệ tươi,"Turmeric, rhizome, fresh","Gia vị, nước chấm","Spices, sauces",51,1.1,0.3,11,6.5,,86.7,0.9,12,,5.36,356.08,0.61,27.22,22,0.09,1.1,0.63,7,,,0,0.02,0.32,,0.25,5.5,5.5
13008,ớt khô bột,"Red pepper, dried powder","Gia vị, nước chấm","Spices, sauces",322,15.6,4.2,55.4,23.6,,12,12.8,85,17,,,,,380,,,,,,703.5,0.61,0.9,8.1,,,,
13009,Riềng,Alpinia root,"Gia vị, nước chấm","Spices, sauces",26,0.3,0.0,6.2,3.7,,91.7,1.8,24,,,,,,28,,,,,,,,,,,,,
13010,Magi,Soybean sauce,"Gia vị, nước chấm","Spices, sauces",65,10,0.1,6.1,,1.7,66,17.8,20,2.38,5586,212,0.43,40,130,0.14,0.5,0.8,,,,0.06,0.15,3.95,0.38,0.2,18,18
13011,Mắm tôm,"Shrimp sauce, concentrate","Gia vị, nước chấm","Spices, sauces",73,14.8,1.5,0.0,,,48,35.7,646,,4054,333,,321,,,,,,,,,,,,,,
13012,Mắm tôm loãng,Shrimp sauce,"Gia vị, nước chấm","Spices, sauces",44,7,0.8,2.1,,,68.6,21.5,645,,,,,,225.6,,,,,,,,,,,,,
13013,Mắm tép chua,River shrimp (small) sauce,"Gia vị, nước chấm","Spices, sauces",68,8.7,1.2,5.5,,,55.5,29.1,586,,1087,104,,121,,,,,,,,,,,,,,
13014,Nước mắm cá (loại đặc biệt),Fish sauce (high quality),"Gia vị, nước chấm","Spices, sauces",60,15,0.0,0.0,,,60,25,386.7,2.7,,,,,246.7,,,,,,,0.09,0.86,,,,,
13015,Nước mắm loại I,"Fish sauce liquid, grade I","Gia vị, nước chấm","Spices, sauces",28,7.1,0.0,0.0,,,67.9,25,386.7,2.7,,,,,246.7,,,,,,,0.03,0.27,,,,,
13016,Nước mắm loại II,Fish sauce liquid grade II,"Gia vị, nước chấm","Spices, sauces",21,5.2,0.0,0.0,,,66.8,28,313.8,1.9,,,,,116.1,,,,,,,,,,,,,
13017,Nước mắm,"Fish sauce, ready-to-serve","Gia vị, nước chấm","Spices, sauces",35,5.06,0.01,3.64,,,71.07,20.22,43,0.78,7720,288,0.2,175,7,0.05,0.23,9.1,0.5,4,4,0.01,0.06,2.31,0.12,0.4,51,51
13018,Nước mắm cô,Fish sauce dried,"Gia vị, nước chấm","Spices, sauces",131,32.8,0.0,0.0,,,20.2,47,,,,,,,,,,,,,,,,,,,,
13019,Tương,Soybean sauce with rice and maize,"Gia vị, nước chấm","Spices, sauces",75,3.9,0.1,14.5,,,70.3,11.2,,,,,,,,,,,,,,,,,,,,
13020,Tương nếp,Soybean sauce with glutinous rice,"Gia vị, nước chấm","Spices, sauces",86,4.3,0.7,15.7,,,68.3,11,,,,,,,,,,,,,,,,,,,,
13021,Tương ớt,Chili sauce,"Gia vị, nước chấm","Spices, sauces",41,0.5,0.5,8.5,0.9,2.55,84,6.5,9,0.5,25,564,0.15,12,16,0.09,,0.2,30,,22.92,0.01,0.09,0.6,,0.14,11,11
13022,Nước tương (xì dầu),Soybean sauce,"Gia vị, nước chấm","Spices, sauces",55,6.3,0.04,7.46,0.8,1.7,70.8,15.4,19,1.93,5637,217,0.52,43,125,0.1,0.42,0.5,,,,0.03,0.17,2.2,0.3,0.15,14,14
13023,Sốt mayonnaise,Mayonnaise,"Gia vị, nước chấm","Spices, sauces",701,0.0,77.8,0.1,,0.3,21.7,0.4,5.25,0.17,364.48,10.5,0.1,0.75,18.75,,,1.2,,,,0.01,0.06,0.01,,0.01,,
13024,Sả,,"Gia vị, nước chấm","Spices, sauces",78,0.8,1.0,16.5,,,,1.5,31,2,7,242,0.5,,30,0.7,,,1,,2,0.05,0.04,1.1,,,,
13025,Bột canh,,"Gia vị, nước chấm","Spices, sauces",62.2,1.05,0.0,14.5,,,,,,,,,,,,,,,,,,,,,,,,
13026,Hạt nêm,,"Gia vị, nước chấm","Spices, sauces",188,12.73,1.82,30.18,0.36,13.45,,,,,21818.18,,,,,,,,,,,,,,,,,
13027,Dầu hào,Oyster sauce,"Gia vị, nước chấm","Spices, sauces",73,2.9,0.3,14.7,,,71.1,11,17,1.1,3379,74,,,32,,,,7,,6,0.01,0.04,0.4,,,,
13028,Gia vị,,"Gia vị, nước chấm","Spices, sauces",62.2,1.05,0.0,14.5,,,,,,,,,,,,,,,,,,,,,,,,
13029,Mì chính (bột ngọt),,"Gia vị, nước chấm","Spices, sauces",282,0.0,0.0,0.0,,,0.2,,21.2,0.4,12300,0.8,,,,,,,,,,,,,,,,
13030,Ngũ vị hương,Five-spice seasoning,"Gia vị, nước chấm","Spices, sauces",345,9.5,8.7,58.0,,,,,,,,,,,,,,,,,,,,,,,,
13031,Nước hàng (nước màu),Sugar cooked to make color,"Gia vị, nước chấm","Spices, sauces",260,0.0,0.0,65.0,,,,,,,,,,,,,,,,,,,,,,,,
13032,Nước sốt cà chua (tương cà),,"Gia vị, nước chấm","Spices, sauces",115,1.1,0.1,27.4,0.3,21.27,,,15,0.35,907,281,0.17,,,0.09,,0.7,4.1,,,0.01,0.17,1.43,,0.16,9,9
13034,Giấm (dấm),,"Gia vị, nước chấm","Spices, sauces",21,0.0,0.0,0.93,,0.4,93.81,,7,0.2,5,73,0.04,,,,,,,,,,,,,,,
13039,Ớt tươi,Chilli (fresh),"Gia vị, nước chấm","Spices, sauces",18,1.4,0.2,2.6,,,92,0.6,10,0.5,9,183,0.2,,37,0.07,,,250,,,0.22,,,,,,
13044,Mù tạt,,"Gia vị, nước chấm","Spices, sauces",69,4.25,3.38,5.3,4.3,,83.7,,63,1.59,1100,150,0.64,,,,,,0.4,,,,,,,,,
13045,Bột chiên giòn,,"Gia vị, nước chấm","Spices, sauces",351.6,8.5,2,74.9,,,,,,,,,,,,,,,,,,,,,,,,
13046,Bột năng,Tapioca Starch/Tapioca Flour,"Gia vị, nước chấm","Spices, sauces",343,0.7,0.0,85.1,0.8,,14,0.2,18,1.5,,,,,20,,,,,,,,,,,,,
13049,Mẻ,Fermented rice or rice noodle,"Gia vị, nước chấm","Spices, sauces",65,1.8,0.2,14.0,,,,,,,,,,,,,,,,,,,,,,,,
13054,Sa tế,Chilli paste,"Gia vị, nước chấm","Spices, sauces",70,1.1,5.5,4.1,,2.8,,,,,2500,,,,,,,,,,,,,,,,,
13056,Bột hạt điều (dầu điều),Annatto seed powder,"Gia vị, nước chấm","Spices, sauces",235,11.5,2.23,42.2,28.48,,6.75,,,,,,,,,,,,,,,,,,,,,
13059,Lá chanh,Lemon leaf,"Gia vị, nước chấm","Spices, sauces",91,4.25,0.0,18.46,,,72.61,,,,,,,,,,,,,,,,,,,,,
13067,Bột chiên xù,,"Gia vị, nước chấm","Spices, sauces",383,11.4,3.75,75.9,,,,,,,,,,,,,,,,,,,,,,,,
13072,Hạt ý dĩ,,"Gia vị, nước chấm","Spices, sauces",358,14.2,3.6,67.2,,,,,49,2.9,,,,,,,,,,,,,,,,,,
13073,Nước ướp gà nướng,,"Gia vị, nước chấm","Spices, sauces",172,0.82,0.63,40.8,,,54.7,,,,,,,,,,,,,,,,,,,,,
13074,Nước ướp thịt kho,,"Gia vị, nước chấm","Spices, sauces",269.9,2.8,6.7,49.6,,,54.7,,,,,,,,,,,,,,,,,,,,,
13075,Gói thuốc bắc (dùng để hầm thịt),,"Gia vị, nước chấm","Spices, sauces",281,4.72,0.5,72.5,6,,20.2,,63,5.09,5,217,0.39,,,,,,218,,,,,,,,,
14001,"Bia (cồn: 4,5 g)","Beer light (4,5 % Alcohol)",Nước giải khát,Soft drinks,43,0.5,0.0,2.3,,,92.5,0.2,6,0.1,4,27,0.01,6,26,0.01,0.01,0.6,,,,0.01,0.03,0.8,0.04,0.05,6,6
14002,Cô nhắc (cồn 32 g),Cognac (32% alcohol),Nước giải khát,Soft drinks,224,0.0,0.0,0.0,,,67.8,0.2,,,,,,,,,,,,,,,,,,,,
14003,Cốc tain (cồn 13 g),Cocktail (13% alcohol),Nước giải khát,Soft drinks,155,0.0,0.0,15.74,,,71,0.26,6,0.36,,,,,6,,,,,,,,,0.04,,,,
14004,Coca cola,Coca Cola,Nước giải khát,Soft drinks,42,0.0,0.0,10.4,,,89.4,0.2,8,,,,,,15,,,,,,,,,,,,,
14005,Nước cam tươi,"Orange juice, fresh",Nước giải khát,Soft drinks,23,0.7,0.2,4.7,,8.4,94.1,0.3,26,0.3,1,200,0.05,11,16,0.04,0.01,0.1,54,,10.04,0.09,0.03,0.4,0.19,0.04,30,30
14006,Nước dừa tươi,Water from immature coconut,Nước giải khát,Soft drinks,21,0.4,0.1,4.7,,,94.4,0.4,60,0.3,,,,,29,,,,1,,,,,,,,,
14007,Nước ép cà chua,"Tomato juice, without salt added",Nước giải khát,Soft drinks,21,0.8,0.6,3,0.4,,94.6,1,8,0.3,10,229,0.15,11,13,0.06,0.07,0.3,6.5,,22.5,0.03,0.03,0.69,0.25,0.11,20,20
14008,Nước khoáng,Mineral water,Nước giải khát,Soft drinks,1,0.0,0.0,0.02,,,99.7,0.28,4.9,0.01,,,,,0.1,,,,,,,,,,,,,
14009,Nước quít tươi,Mandarins juice (fresh),Nước giải khát,Soft drinks,25,0.4,0.2,5.3,0.2,9.9,93.8,0.3,20,0.2,1,178,0.03,8,24,0.03,0.04,0.1,47,,12.67,0.06,0.02,0.1,0.13,0.04,5,5
14010,"Rượu cam, chanh (cồn 24,2 g)","Liqueur orange, citron",Nước giải khát,Soft drinks,241,0.0,0.0,17.9,,,75.8,,,,,,,,,,,,,,,,,,,,,
14011,Rượu nếp (80g/ 24 ml) (cồn 5 g),Rice glutinous Vodka,Nước giải khát,Soft drinks,202,4.0,0.0,37.9,0.2,,52.4,0.7,,,,,,,,,,,,,,,,,,,,
14012,Rượu trắng,Vodka (39% alcohol),Nước giải khát,Soft drinks,273,0.0,0.0,0.0,,,61,,,,,,,,,,,,,,,,,,,,,
14013,"Rượu vang đỏ (cồn 9,5 g)",Red wine (9.5% alcohol),Nước giải khát,Soft drinks,69,0.2,0.0,2.02,,,88,0.28,7.8,0.82,,,,,10,,,,,,,,0.02,0.09,,,,
14014,"Rượu vang trắng (cồn 9,5 g)",White wine (9.5% alcohol),Nước giải khát,Soft drinks,66,0.1,0.0,0.2,,0.2,89.9,0.3,9,0.5,4,61,0.06,8,6,0.04,0.02,,,,,,0.01,0.09,0.03,0.02,,
14015,Rượu vang trắng ngọt (cồn 10.2 g),"White wine, sweet (10.2% alcohol)",Nước giải khát,Soft drinks,96,0.2,0.0,5.9,,5.9,83.4,0.3,14,0.58,13,110,0.06,11,13,0.04,0.02,,,,,,0.01,0.08,0.03,0.01,,
14016,"Rượu Whisky (cồn 35,2 g)",Whisky liqueur (35.2% alcohol),Nước giải khát,Soft drinks,246,0.0,0.0,0.0,,,64.7,0.1,1.5,,,,,,,,,,,,,,,,,,,
14026,Cà phê sữa hòa tan,,Nước giải khát,Soft drinks,392,2.36,0.36,94.9,,80.5,0.62,,28,0.89,8,686,0.08,,,,,,,,,,,,,,,
14040,Nước mía,,Nước giải khát,Soft drinks,79.6,0.0,0.0,20.2,,20.2,,,7,0.1,43,11,0.02,,,,,,,,,,,,,,,
14047,Nước ép dưa hấu,"Juice, watermelon",Nước giải khát,Soft drinks,34,0.61,0.15,7.55,0.4,6.2,91.45,,7,0.24,1,112,0.1,10,11,0.04,,0.4,8.1,,28,0.03,0.02,0.18,,0.05,3,3
14054,Nước ép đào đóng hộp,"Juice  packaged, Peach",Nước giải khát,Soft drinks,57,0.27,0.02,13.92,0.6,13.32,85.64,,5,0.19,7,40,0.08,4,6,0.07,,0.2,5.3,,13,0,0.01,0.29,,0.01,1,1
14057,Nước đá,Ice,Nước giải khát,Soft drinks,1,0.0,0.0,0.02,,,99.7,0.28,4.9,0.01,,,,,0.1,,,,,,,,,,,,,
14068,Nước giải khát vitamin C,Vitamin C beverarge,Nước giải khát,Soft drinks,40,0.0,0.0,10.0,,,,,,,,,,,,,,,,,,,,,,,,
14069,Trà Neste,,Nước giải khát,Soft drinks,1,0.22,0.0,0.0,,,99.9,,,0.02,1,8,0.01,,,,,,,,,,,,,,,
14070,Trà túi lọc,,Nước giải khát,Soft drinks,1,0.22,0.0,0.0,,,99.9,,,0.02,1,8,0.01,,,,,,,,,,,,,,,
2001,Củ ấu,"Water caltrop, buffalo nut, root, raw",Khoai củ và sản phẩm chế biến,Tubers and processed products,119,3.6,0.5,25,1,,69.2,1.7,9,0.7,,,,,49,,,,5,,0.42,0.23,0.05,1.9,,,,
2002,Củ cái,"Winged yam, purple yam, root, raw",Khoai củ và sản phẩm chế biến,Tubers and processed products,134,3.1,0.12,30.18,1.8,,65.5,1.1,20,2.9,12,397,11,20,32,,,,1,,6.92,,,,0.31,0.29,23,23
2003,Củ dong,"Arrow root, raw",Khoai củ và sản phẩm chế biến,Tubers and processed products,129,1.4,0.0,30.8,2.4,,66.5,1.3,42,,73,299,,46,21,,,,,,,,,,,,,
2003002,Củ dong luộc,"Arrow root, boiled",Khoai củ và sản phẩm chế biến,Tubers and processed products,131,1.43,0.0,31.43,2.45,,65.82,1.33,42.86,,74.49,305.1,,46.94,21.43,,,,,,,,,,,,,
2004,Củ sắn,"Cassava, root, raw",Khoai củ và sản phẩm chế biến,Tubers and processed products,158,1.1,0.2,37.9,1.5,,60,0.8,25,1.2,2,394,,4,30,,,,34,,0.67,0.03,0.03,0.6,0.11,0.09,27,27
2004014,Củ sắn nướng,"Cassava (manioc), roasted",Khoai củ và sản phẩm chế biến,Tubers and processed products,216,1.51,0.27,51.92,2.05,,45.21,1.1,34.25,1.64,2.74,539.73,,5.48,41.1,,,,46.58,,0.91,0.03,0.03,0.78,0.11,0.09,18.49,
2005,Củ sắn dây,"Kudzu root, Japanese arrowroot",Khoai củ và sản phẩm chế biến,Tubers and processed products,156,1.6,0.1,37.2,9.2,,60.3,0.8,28,0.2,,,,,45,,,,,,,,,,,,,
2006,"Củ súng, bóc vỏ, khô","Tropical water lilies root, peeled, dried",Khoai củ và sản phẩm chế biến,Tubers and processed products,359,16.1,0.5,72.6,2.3,,8.6,2.2,100,0.2,,,,,720,,,,,,,,,,,,,
2007,Củ từ,"Lesser Yam, raw",Khoai củ và sản phẩm chế biến,Tubers and processed products,97,1.5,0.0,22.7,1.2,,75,0.8,28,0.2,71,264,,28,30,,,,2,,,,,,,,,
2007002,Củ từ luộc,"Lesser Yam, boiled",Khoai củ và sản phẩm chế biến,Tubers and processed products,99,1.53,0.0,23.16,1.22,,74.49,0.82,28.57,0.2,72.45,269.39,,28.57,30.61,,,,2.04,,,,,,,,,
2008,Khoai lang,"Sweet potato, raw",Khoai củ và sản phẩm chế biến,Tubers and processed products,124,0.8,0.2,29.8,1.3,,68,1.2,34,1,31,210,0.2,201,49.4,0.26,0.39,7.1,23,,12.5,0.05,0.05,0.6,0.8,0.21,11,11
2009,Khoai lang nghệ,"Sweet potato, yellow, raw",Khoai củ và sản phẩm chế biến,Tubers and processed products,119,1.2,0.3,27.9,0.8,,69.9,0.7,36,0.9,350,107,,68,56,,,,30,,122.5,0.12,0.05,0.6,,,,
2010,Khoai môn,"Taro, Indian taro, raw",Khoai củ và sản phẩm chế biến,Tubers and processed products,113,1.5,0.2,26.4,1.2,,70.8,1.1,44,0.8,,,,,44,,,,4,,,0.09,0.03,0.1,,,,
2011,Khoai nước,"Water taro, raw",Khoai củ và sản phẩm chế biến,Tubers and processed products,106,1,0.1,25.3,2,,72.5,1.1,52,0.2,,,,,35,,,,3,,,,,,,,,
2012,Khoai riềng,"Edible canna, raw",Khoai củ và sản phẩm chế biến,Tubers and processed products,114,0.8,0.0,27.6,2.5,,70,1.6,64,1.7,,,,,107,,,,,,,,,,,,,
2012002,Khoai riềng luộc,"Edible canna, boiled",Khoai củ và sản phẩm chế biến,Tubers and processed products,116,0.82,0.0,28.16,2.55,,69.39,1.63,65.31,1.73,,,,,109.18,,,,,,,,,,,,,
2013,Khoai sọ,"Taro tuber, raw",Khoai củ và sản phẩm chế biến,Tubers and processed products,119,1.8,0.1,27.7,1.2,,69,1.4,45,1.5,10,448,,33,75,,0.38,,4,,3.75,0.06,0.03,0.1,0.3,0.28,22,22
2014,Khoai tây,"Potato, white, raw",Khoai củ và sản phẩm chế biến,Tubers and processed products,96,2,0.07,21.93,1,,75,1,10,1.2,7,396,0.3,32,50,0.23,0.2,0.5,10,,0.42,0.1,0.05,0.9,0.28,0.2,18,18
2015,"Miến dong, khô","Vermicelli from arrow root, raw",Khoai củ và sản phẩm chế biến,Tubers and processed products,338,0.6,0.1,83.7,1.5,,14.5,1.1,40,1,,,,,120,,,,,,,,,,,,,
2016,Bột dong lọc,Arrow root flour,Khoai củ và sản phẩm chế biến,Tubers and processed products,343,0.6,0.0,85.2,0.5,,14,0.2,37,1.7,,,,,18,,,,,,,,,,,,,
2017,Bột khoai lang,Sweet potato flour,Khoai củ và sản phẩm chế biến,Tubers and processed products,341,2.2,0.5,81.8,1.6,,14,1.5,50,2,,,,,95,,,,,,,0.24,0.09,1.5,,,,
2018,Bột khoai riềng (bột đao),Edible canna flour,Khoai củ và sản phẩm chế biến,Tubers and processed products,343,0.2,0.0,85.6,1.5,,14,0.2,16,,,,,,17,,,,,,,,,,,,,
2019,Bột khoai tây (lọc),White potato flour,Khoai củ và sản phẩm chế biến,Tubers and processed products,346,1,0.25,84.85,0.4,,13.6,0.3,30,3,,,,,125,,,,,,,0.01,,0.35,0.47,0.77,25,25
2020,Bột sắn,Cassava flour,Khoai củ và sản phẩm chế biến,Tubers and processed products,341,2.4,0.5,81.8,2.2,,14,1.3,84,,,,,,37,,,,,,,0.02,0.03,0.06,,,,
2021,Bột sắn dây,Kudzu root flour,Khoai củ và sản phẩm chế biến,Tubers and processed products,343,0.7,0.0,85.1,0.8,,14,0.2,18,1.5,,,,,20,,,,,,,,,,,,,
2022,"Khoai lang, khô","Sweet potato, dried",Khoai củ và sản phẩm chế biến,Tubers and processed products,348,2.2,0.5,83.6,3.6,,11,2.7,94.56,2.78,86.22,584.06,0.56,559.03,137.39,0.72,1.08,19.75,,,34.77,0.09,0.07,1.67,2.23,0.58,30.59,30.59
2023,"Khoai tây, khô","White potato, dried",Khoai củ và sản phẩm chế biến,Tubers and processed products,343,6.6,0.3,78.5,3.4,,11,3.6,37,4.3,24.92,1409.76,1.07,113.92,180,0.82,0.71,1.78,,,1.48,0.36,0.18,3.2,1,0.72,64.08,64.08
2024,"Khoai tây lát, chiên","Potato crisp, fried",Khoai củ và sản phẩm chế biến,Tubers and processed products,550,2.2,35.4,55.6,6.3,,3,3.8,37,2.1,,,,,130,,,,1,,,0.15,0.02,4.6,,,,
2025,"Sắn, củ, khô","Cassava, dried",Khoai củ và sản phẩm chế biến,Tubers and processed products,352,3,0.7,83.3,3,,11,2,96,7.9,,,,,81,,,,,,,0.06,0.05,0.8,,,,
2026,Trân châu sắn,Tapioca,Khoai củ và sản phẩm chế biến,Tubers and processed products,344,1,0.0,84.9,0.6,,14,0.1,30,2,,,,,50,,,,,,,0.04,,,,,,
2026002,Trân châu sắn luộc,"Tapioca, boiled",Khoai củ và sản phẩm chế biến,Tubers and processed products,344,1,0.0,84.9,0.6,,14,0.1,30,2,,,,,50,,,,,,,0.02,,,,,,
3001,Cùi dừa già,"Coconut meat, mature, raw","Hạt, quả giàu đạm, béo và sản phẩm chế biến","Seeds, fruits rich in protein, fat and processed products",385,4.8,36,10.4,4.2,,47.6,1.2,30,30,7,555,5,160,154,0.05,1.3,,2,,,0.1,0.01,0.2,0.3,0.05,26,26
3002,Cùi dừa non,"Coconut meat, immature, raw","Hạt, quả giàu đạm, béo và sản phẩm chế biến","Seeds, fruits rich in protein, fat and processed products",54,3.5,1.7,6.1,3.5,,87.8,0.9,4,1,141,454,,74,53,,,,6,,,0.04,0.03,0.8,,,,
3003,Đậu cô ve (hạt khô),"Common bean, seed, dried","Hạt, quả giàu đạm, béo và sản phẩm chế biến","Seeds, fruits rich in protein, fat and processed products",335,21.8,1.6,58.4,3.5,,14,4.2,96,,,,,,360,,,,,,,,,,,,,
3004,Đậu đen,"Black bean, seed, dried","Hạt, quả giàu đạm, béo và sản phẩm chế biến","Seeds, fruits rich in protein, fat and processed products",341,24.2,1.7,57.3,4,,14,2.8,56,6.1,,,,,354,,,,3,,2.5,0.5,0.21,1.8,0.9,0.29,444,444
3005,Đậu đũa,"Yardlong bean, seed, dried","Hạt, quả giàu đạm, béo và sản phẩm chế biến","Seeds, fruits rich in protein, fat and processed products",338,23.7,2,56.2,4.3,,14,4.1,110,6.5,,,,,382,,,,1,,0.83,0.59,0.22,2.3,1.5,0.36,633,633
3006,Đậu Hà lan,"Field peas, seed, dried","Hạt, quả giàu đạm, béo và sản phẩm chế biến","Seeds, fruits rich in protein, fat and processed products",342,22.2,1.4,60.1,6,,13.6,2.7,57,4.4,9,135,4,145,303,0.93,,0.4,2,,5.83,0.77,0.18,3.1,1.76,0.17,274,274
3007,Đậu nành (đậu tương),"Soybean, seed, dried","Hạt, quả giàu đạm, béo và sản phẩm chế biến","Seeds, fruits rich in protein, fat and processed products",418,34,18.4,29.1,4.5,,14,4.5,165,11,2,1504,3.8,236,690,0.3,1.2,1.5,4,,2.5,0.54,0.29,2.3,0.79,0.38,375,375
3008,Đậu trắng,"Kidney bean, white bean, seed, dried","Hạt, quả giàu đạm, béo và sản phẩm chế biến","Seeds, fruits rich in protein, fat and processed products",341,23.2,2.1,57.4,3.6,,14,3.3,160,6.8,,,,,514,,,,3,,0.83,0.54,0.18,2.1,0.78,0.4,394,394
3009,Đậu trứng cuốc,,"Hạt, quả giàu đạm, béo và sản phẩm chế biến","Seeds, fruits rich in protein, fat and processed products",340,25.8,2,54.8,4.8,,14,3.4,,,,,,,,,,,,,,,,,,,,
3010,Đậu xanh,Mungo bean,"Hạt, quả giàu đạm, béo và sản phẩm chế biến","Seeds, fruits rich in protein, fat and processed products",346,23.4,2.4,57.8,4.7,,14,2.4,64,4.8,6,1132,1.1,270,377,0.88,,,4,,2.5,0.72,0.15,2.4,1.91,0.38,625,625
3011,Nước cốt dừa (cùi dừa),"Chestnut, dried","Hạt, quả giàu đạm, béo và sản phẩm chế biến","Seeds, fruits rich in protein, fat and processed products",652,18,59,12.2,3.5,,9,1.8,61,2.3,,,,,510,,,,3,,0.83,0.48,0.13,1.2,,,,
3012,Hạt dẻ to,"Chestnut, fresh","Hạt, quả giàu đạm, béo và sản phẩm chế biến","Seeds, fruits rich in protein, fat and processed products",223,4.2,1.11,49.07,,,43.95,1.67,18,1.41,3,447,0.87,84,96,0.36,1.6,,36,,,0.16,0.18,0.8,0.56,0.41,68,68
3013,"Hạt dẻ, khô","Chestnut, small, dried","Hạt, quả giàu đạm, béo và sản phẩm chế biến","Seeds, fruits rich in protein, fat and processed products",363,6.82,1.81,79.76,,,8.9,2.71,29,2.29,5,726,1.41,137,155,0.59,2.6,,58.5,,,0.26,0.29,1.3,0.9,0.67,110,110
3014,"Hạt đen, khô",,"Hạt, quả giàu đạm, béo và sản phẩm chế biến","Seeds, fruits rich in protein, fat and processed products",486,17.3,29,39,3.5,,12,2.7,84,,,,,,255,,,,,,,,,,,,,
3015,"Hạt điều, khô","Cashew nut, dried","Hạt, quả giàu đạm, béo và sản phẩm chế biến","Seeds, fruits rich in protein, fat and processed products",608,18.4,46.3,29.3,0.6,5.91,3.4,2.6,28,3.6,12,660,5.78,292,462,2.2,1.66,19.9,1,,0.42,0.25,0.34,2.4,0.86,0.42,25,25
3016,Hạt mít,"Jack fruit, seed, raw","Hạt, quả giàu đạm, béo và sản phẩm chế biến","Seeds, fruits rich in protein, fat and processed products",166,0.7,1.1,38.3,,,58.2,1.7,46,3.4,,,,,34.4,,,,,,,,,,,,,
3017,"Lạc hạt, khô","Peanut, dried","Hạt, quả giàu đạm, béo và sản phẩm chế biến","Seeds, fruits rich in protein, fat and processed products",583,27.5,44.5,18,2.5,,7.5,2.5,68,2.2,4,421,1.9,185,420,0.42,1.6,,0.8,,0.83,0.44,0.12,16,1.77,0.35,240,240
3017011,Lạc rang dầu,,"Hạt, quả giàu đạm, béo và sản phẩm chế biến","Seeds, fruits rich in protein, fat and processed products",570,24.0,44.5,18.0,2.5,,7.5,2.5,68,2.2,4,421,1.9,185,420,0.42,1.6,,0.6,,0.83,0.33,0.09,12,1.33,0.28,48,
3018,Quả cọ,"Palm fruit, fresh","Hạt, quả giàu đạm, béo và sản phẩm chế biến","Seeds, fruits rich in protein, fat and processed products",192,2.3,13.4,15.6,3.5,,67.1,1.6,38,0.2,11.26,1452.06,3,8.04,34,0.64,,0.56,8,,3.42,0.05,0.18,0.9,,0.81,24,24
3019,Quả đại hái,"Hodgsonia fruit, raw","Hạt, quả giàu đạm, béo và sản phẩm chế biến","Seeds, fruits rich in protein, fat and processed products",440,20,38,4.6,3.4,,35,2.4,66,3.1,,,,,440,,,,,,,,,,,,,
3020,Vừng (mè),"Sesame seeds, dried, black or white","Hạt, quả giàu đạm, béo và sản phẩm chế biến","Seeds, fruits rich in protein, fat and processed products",582,20.1,46.4,21.1,3.5,0.3,7.6,4.8,975,14.55,11,468,7.75,351,629,4.08,2.46,5.7,,,1.25,0.79,0.25,4.52,0.05,0.79,97,97
3020011,Vừng rang,Sesame seed (stirred),"Hạt, quả giàu đạm, béo và sản phẩm chế biến","Seeds, fruits rich in protein, fat and processed products",607,20.94,48.33,21.98,3.65,0.31,3.75,5,1015.63,15.16,11.46,487.5,8.07,365.63,655.21,4.25,2.56,5.94,,,1.3,0.62,0.22,4.47,0.04,0.62,50.52,
3021,"Bột đậu tương, đã loại béo","Soyflour, defatted","Hạt, quả giàu đạm, béo và sản phẩm chế biến","Seeds, fruits rich in protein, fat and processed products",331,49,1,31.5,2.5,,14,4.5,247,7.6,20,2384,2.46,290,602,4.07,3.02,1.7,,,2.92,0.7,0.3,2,2,0.57,305,305
3022,"Bột đậu tương, rang chín","Soybeans, roasted,  flour","Hạt, quả giàu đạm, béo và sản phẩm chế biến","Seeds, fruits rich in protein, fat and processed products",428,41,18,25.4,2.5,,10,5.6,189,7.5,,,,,540,,,,,,,0.4,0.16,2,,,,
3023,Bột đậu xanh,Mungo bean flour,"Hạt, quả giàu đạm, béo và sản phẩm chế biến","Seeds, fruits rich in protein, fat and processed products",363,24.6,2.5,60.4,3.9,,10,2.5,50,5,6.28,1185,1.15,283,100,0.92,,,4.19,,,0.75,0.16,2.51,2,0.4,654.07,654.07
3024,Bột lạc,Peanut flour,"Hạt, quả giàu đạm, béo và sản phẩm chế biến","Seeds, fruits rich in protein, fat and processed products",583,27.5,45,17.1,2.1,,8,2.4,80,3,3.94,414.25,1.87,182,380,0.41,1.57,,,,0.82,0.4,0.11,15.3,1.74,0.34,236.15,236.15
3025,Đậu phụ (đậu hũ),"Tofu, raw","Hạt, quả giàu đạm, béo và sản phẩm chế biến","Seeds, fruits rich in protein, fat and processed products",97,10.9,5.4,1.1,0.4,,82,0.6,24,2.2,7,121,0.8,30,85,0.19,0.61,8.9,0.1,,,0.03,0.02,0.4,0.07,0.05,15,15
3025002,Đậu phụ luộc,"Tofu, boiled","Hạt, quả giàu đạm, béo và sản phẩm chế biến","Seeds, fruits rich in protein, fat and processed products",98,11.01,5.45,1.11,0.4,,81.82,0.61,24.24,2.22,7.07,122.22,0.81,30.3,85.86,0.19,0.61,8.99,0.1,,,0.02,0.01,0.24,0.04,0.03,7.58,
3026,Đậu phụ chúc,"Tofu skin, yuba, bean curd skin, bean curd sheet, raw","Hạt, quả giàu đạm, béo và sản phẩm chế biến","Seeds, fruits rich in protein, fat and processed products",415,50.2,20.8,6.8,0.3,,18.5,3.7,325,10.8,,,,,225,,,,,,,,,,,,,
3028,"Hạt bí đỏ, rang","Pumpkin seeds, fried","Hạt, quả giàu đạm, béo và sản phẩm chế biến","Seeds, fruits rich in protein, fat and processed products",528,35.1,31.8,25.3,2.3,,3.6,4.2,235,2.2,172,383,,311,900,,,,,,19.58,0.15,0.15,3,,,,
3029,"Hạt dưa hấu, rang","Water melon seeds, fried","Hạt, quả giàu đạm, béo và sản phẩm chế biến","Seeds, fruits rich in protein, fat and processed products",558,31.8,39.1,19.8,1.8,,4.8,4.5,237,3,,,,,751,,,,,,7.5,0.03,0.14,2.7,,,,
3030,"Hạt điều khô, chiên dầu","Cashew nut, roasted with oil","Hạt, quả giàu đạm, béo và sản phẩm chế biến","Seeds, fruits rich in protein, fat and processed products",585,18.3,49.3,17.1,0.7,,12.7,2.6,32,3.9,,,,,411,,,,,,0.42,0.36,0.34,1.4,,,,
3031,Sữa bột đậu nành,"Milk powder, soy flour and sugar","Hạt, quả giàu đạm, béo và sản phẩm chế biến","Seeds, fruits rich in protein, fat and processed products",413,31.1,9.7,50.4,2.2,,3.5,5.3,224,7.5,,,,,320,,,,,,,0.4,0.16,2,,,,
3032,Sữa đậu nành (100g đậu/lít),Soymilk (100 g soybean/L),"Hạt, quả giàu đạm, béo và sản phẩm chế biến","Seeds, fruits rich in protein, fat and processed products",29,3.1,1.6,0.5,0.1,,94.4,0.4,18,0.23,55,124,0.21,25,36,0.14,0.22,4.8,,,,0.05,0.02,0.14,0.52,0.02,16,16
3033,Tào phớ,Soybean curd in light syrup,"Hạt, quả giàu đạm, béo và sản phẩm chế biến","Seeds, fruits rich in protein, fat and processed products",46,3.8,1.2,4.7,0.2,,89.4,0.9,92,0.3,33,85,,38,150,,,,,,,,,,,,,
3036002,Đậu ngự luộc,"Bean, lima bean, boiled","Hạt, quả giàu đạm, béo và sản phẩm chế biến","Seeds, fruits rich in protein, fat and processed products",136,9.68,0.4,23.4,,,65.12,1.4,36,1.64,7.2,118,,,96,,,,,,,0.11,0.05,0.34,,,,
3037002,Đậu ván luộc,"Bean, lablab bean, boiled","Hạt, quả giàu đạm, béo và sản phẩm chế biến","Seeds, fruits rich in protein, fat and processed products",16,1.12,0.0,2.8,,,95.84,0.24,29.12,0.46,,,0.3,,134.44,,,,9.32,,40,0.02,0.01,,,,,
3038,Đậu phụ non Tứ Xuyên,,"Hạt, quả giàu đạm, béo và sản phẩm chế biến","Seeds, fruits rich in protein, fat and processed products",97,10.9,5.4,1.1,0.4,,82,0.6,24,2.2,7,121,0.8,30,85,0.19,0.61,8.9,0.1,,,0.03,0.02,0.4,0.07,0.05,15,
3039002,Hạt sen tươi luộc,"Lotus seed, fresh, boiled","Hạt, quả giàu đạm, béo và sản phẩm chế biến","Seeds, fruits rich in protein, fat and processed products",172,9.5,1.17,30.8,0.8,,56.73,1.8,76,1.4,1,367,0.28,56,164,0.09,0.62,,,,0.83,0.1,0.05,0.48,0.14,0.1,25.5,
3041011,Hạt hướng dương rang,"Sunflower seeds, stirred","Hạt, quả giàu đạm, béo và sản phẩm chế biến","Seeds, fruits rich in protein, fat and processed products",652,21.65,53.6,20.83,8.96,2.73,0.77,3.15,81.25,5.47,9.38,671.88,5.21,338.54,687.5,1.88,2.03,55.21,1.46,,3.13,1.16,0.31,8.25,0.88,1.05,118.23,118.23
3042011,Hạt hạnh nhân rang,"Almonds dried, stirred","Hạt, quả giàu đạm, béo và sản phẩm chế biến","Seeds, fruits rich in protein, fat and processed products",652,21.23,55.17,17.68,10.5,4.55,2.8,,291,3.68,339,699,3.07,274,466,0.96,,4.1,,,,0.09,0.78,3.67,,0.12,27,27
3043011,Hạt óc chó rang,"Walnuts dried, stirred","Hạt, quả giàu đạm, béo và sản phẩm chế biến","Seeds, fruits rich in protein, fat and processed products",703,15.23,65.21,13.71,6.7,2.61,4.07,1.78,98,2.91,2,441,3.09,158,346,1.59,3.41,4.9,1.3,,,0.34,0.15,1.13,0.57,0.54,98,98
3044011,Hạt macca rang,"Macadamia nut dried, stirred","Hạt, quả giàu đạm, béo và sản phẩm chế biến","Seeds, fruits rich in protein, fat and processed products",767,7.79,76.08,12.83,8,4.14,1.61,,70,2.65,353,363,1.29,118,198,0.57,,11.7,0.7,,,0.71,0.09,2.27,,0.36,10,10
3046011,Hạt dẻ cười rang,"Pistachio dried, stirred","Hạt, quả giàu đạm, béo và sản phẩm chế biến","Seeds, fruits rich in protein, fat and processed products",610,21.05,45.82,28.28,10.3,7.74,1.85,,107,4.03,6,1007,2.34,109,469,1.29,,10,,,13,0.7,0.23,1.37,,1.12,51,51
4001,bầu,"Calabash, Bottle gourd, raw","Rau, quả, củ dùng làm rau","Vegetables, fruits, tubers used as vegetables",18,0.6,0.02,3.88,1,,95.1,0.4,21,0.2,2,150,0.7,11,25,0.03,0.07,0.2,12,,0.83,0.02,0.03,0.4,0.15,0.04,6,6
4002,bí đao (bí xanh),"Asgourd, winter melon, raw","Rau, quả, củ dùng làm rau","Vegetables, fruits, tubers used as vegetables",16,0.6,0.0,3.4,1,,95.5,0.5,26,0.3,12.73,149.81,,7.64,23,,,,37,,0.42,0.01,0.02,0.3,,,,
4003,bí ngô,"Pumpkin squash, raw","Rau, quả, củ dùng làm rau","Vegetables, fruits, tubers used as vegetables",29,0.3,0.07,6.83,0.7,,92,0.8,24,0.5,8.4,348.5,0.1,10,16,0.21,16,0.3,9,,236.83,0.06,0.03,0.4,0.3,0.06,16,16
4004,cà bát,"Egg plant, large round, raw","Rau, quả, củ dùng làm rau","Vegetables, fruits, tubers used as vegetables",28,1.2,0.13,5.57,1.5,,92.5,0.6,12,0.7,2,230,0.16,14,16,0.08,0.25,0.3,3,,3.33,0.03,0.04,0.5,0.28,0.08,22,22
4005,Cà chua,"Tomato, raw","Rau, quả, củ dùng làm rau","Vegetables, fruits, tubers used as vegetables",24,0.6,0.23,4.77,0.8,2.63,94,0.4,12,1.4,12.2,275.2,0.74,15,26,0.09,0.21,0.5,40,,58.67,0.06,0.04,0.5,0.09,0.08,15,15
4006,cà pháo,"Egg plant - small, raw","Rau, quả, củ dùng làm rau","Vegetables, fruits, tubers used as vegetables",27,1.5,0.0,5.2,1.6,,92.5,0.8,12,0.7,7,221,0.3,18,16,0.09,0.2,6.7,3,,1.67,0.03,0.04,0.5,,,,
4007,Cà rốt,"Carrots, all variety, raw","Rau, quả, củ dùng làm rau","Vegetables, fruits, tubers used as vegetables",44,1.5,0.17,9.03,1.2,4.54,88.5,0.8,43,0.8,52,265.5,1.11,12,39,0.15,0.23,0.1,3,,681.46,0.06,0.06,0.4,0.27,0.14,19,19
4008,"cà rốt, khô","Carrot, dried","Rau, quả, củ dùng làm rau","Vegetables, fruits, tubers used as vegetables",330,9.2,1.5,70,9.6,,14,5.3,323,5.9,,,,,292,,,,,,67.5,,,,,,,
4009,cà tím,"Aubergine, raw","Rau, quả, củ dùng làm rau","Vegetables, fruits, tubers used as vegetables",28,1,0.0,6,1.5,,92.5,0.5,15,0.4,,,,,34,,,,15,,0.83,0.04,0.05,0.6,,,,
4010,Cải bắp trắng,"Cabbage, common, raw","Rau, quả, củ dùng làm rau","Vegetables, fruits, tubers used as vegetables",36,1.8,0.09,6.91,1.6,3.58,90,1.2,48,1.1,28.3,189.5,0.81,13.12,31,0.18,0.45,2.2,41,,5.42,0.06,0.05,0.4,0.14,0.1,43,43
4011,Cải bắp đỏ,"Cabbage, red, raw","Rau, quả, củ dùng làm rau","Vegetables, fruits, tubers used as vegetables",61,1.9,0.2,13,4,3.91,84,0.9,83,0.5,27,243,0.22,16,42,0.02,0.24,0.6,60,,55.83,0.07,0.05,0.8,0.15,0.21,18,18
4012,"Cải bắp trắng, khô","Cabbage, dried","Rau, quả, củ dùng làm rau","Vegetables, fruits, tubers used as vegetables",301,18,1.6,53.7,14,,16,10.7,300,7.5,,,,,106,,,,2,,,0.15,0.52,0.5,,,,
4013,Cải cúc,"Crown daisy, raw","Rau, quả, củ dùng làm rau","Vegetables, fruits, tubers used as vegetables",22,1.6,0.0,3.9,2,,93.8,0.7,63,0.8,32.5,218.7,0.67,32,38,0.18,0.7,0.3,8,,12.25,0.01,0.03,0.2,0.22,0.18,177,177
4014,Cải soong,"Water cress, raw","Rau, quả, củ dùng làm rau","Vegetables, fruits, tubers used as vegetables",22,2.1,0.07,3.33,2,0.2,93.7,0.8,69,1.6,85.2,210.5,0.8,21,28,0.2,0.38,0.9,25,,235,0.08,0.26,1,0.31,0.13,9,9
4015,Cải thìa (cải trắng),"Chinese cabbage, raw","Rau, quả, củ dùng làm rau","Vegetables, fruits, tubers used as vegetables",24,1.4,0.14,4.26,1.8,1.18,93.2,1,50,0.7,25,200,0.75,25.35,30,0.09,0.5,0.5,26,,223.46,0.09,0.07,0.4,0.09,0.19,66,66
4016,Cải xanh,"Mustard greens,   raw","Rau, quả, củ dùng làm rau","Vegetables, fruits, tubers used as vegetables",23,1.7,0.14,3.76,1.8,1.6,93.8,0.6,89,1.9,28.6,220.8,0.9,22.84,13.5,0.12,0.32,0.9,51,,525,0.07,0.1,0.8,0.21,0.18,187,187
4017,Cần ta,"Water drop-wort,  raw","Rau, quả, củ dùng làm rau","Vegetables, fruits, tubers used as vegetables",16,1,0.0,3,1.5,,95.3,0.7,310,3,,,,,64,,,,6,,170.42,0.04,0.03,0.3,,,,
4018,Cần tây,"Celery, raw","Rau, quả, củ dùng làm rau","Vegetables, fruits, tubers used as vegetables",54,3.7,0.16,9.44,1.5,1.83,85,1.7,325,8,96,326,0.3,18,128,0.09,0.2,0.4,150,,12.5,0.06,0.07,0.4,0.25,0.07,36,36
4019,Chuối xanh,"Banana common varieties, unripe","Rau, quả, củ dùng làm rau","Vegetables, fruits, tubers used as vegetables",78,1.2,0.32,17.48,1,1.95,80.2,0.8,26,0.4,13,256,0.25,17,27,0.09,0.1,0.3,31,,16.96,0.05,0.02,0.6,0.27,0.36,29,29
4020,Củ cải đỏ,"Red radish oriental, raw","Rau, quả, củ dùng làm rau","Vegetables, fruits, tubers used as vegetables",52,1.3,0.0,11.7,0.9,,86,1,28,1.4,,,,,43,,,,20,,1.33,0.02,0.05,0.4,,,,
4021,Củ cải trắng,"Radish garden while, raw","Rau, quả, củ dùng làm rau","Vegetables, fruits, tubers used as vegetables",27,1.5,0.09,5.11,1.5,2.5,92.1,1.2,40,1.1,10,242,0.2,15,41,0.15,0.05,3.9,30,,,0.06,0.06,0.5,0.14,0.05,28,28
4022,"Củ cải trắng, khô","White radish, dried","Rau, quả, củ dùng làm rau","Vegetables, fruits, tubers used as vegetables",290,17.6,1.5,51.6,17.7,,16,13.3,629,6.73,278,3494,2.13,170,204,1.63,0.54,0.7,,,,0.27,0.68,3.4,1.85,0.62,295,295
4023,Củ đậu,"Jicama, Mexican yam bean","Rau, quả, củ dùng làm rau","Vegetables, fruits, tubers used as vegetables",31,1,0.0,6.7,0.7,,92,0.3,8,,,,,,16,,,,6,,,,,,,,,
4024,Củ niễng,"Manchurian wild rice, stem, raw","Rau, quả, củ dùng làm rau","Vegetables, fruits, tubers used as vegetables",37,2,0.0,7.2,1.8,,90.2,0.6,24,1.4,,,,,92,,,,2,,,,,,,,,
4025,"Dọc củ cải, non","Radish garden, immature, raw","Rau, quả, củ dùng làm rau","Vegetables, fruits, tubers used as vegetables",21,1.9,0.0,3.4,1.8,,93.6,1.1,220,0.4,,,,,57,,,,72,,90.83,0.06,0.11,0.7,,,,
4026,Dọc mùng,"Indian taro, stem, raw","Rau, quả, củ dùng làm rau","Vegetables, fruits, tubers used as vegetables",13,0.4,0.0,2.8,2,,96,0.8,,,,,,,,,,,,,,,,,,,,
4027,Dưa chuột,"Cucumber, raw","Rau, quả, củ dùng làm rau","Vegetables, fruits, tubers used as vegetables",18,0.8,0.09,3.61,0.7,1.67,95,0.5,23,1,13.3,168.8,0.18,15,27,0.09,0.25,0.3,5,,11.5,0.03,0.04,0.1,0.26,0.04,7,7
4028,Dưa gang,"Large cucumber, raw","Rau, quả, củ dùng làm rau","Vegetables, fruits, tubers used as vegetables",14,0.8,0.0,2.7,0.7,,96.2,0.3,25,0.4,,,,,37,,,,4,,10.83,0.04,0.04,0.3,,,,
4029,"Đậu cô ve, quả","Common bean, string bean, raw","Rau, quả, củ dùng làm rau","Vegetables, fruits, tubers used as vegetables",77,5,0.0,14.3,1,,80,0.7,26,0.7,95.7,253.5,0.01,26,122,0.09,0.5,,25,,15,0.34,0.19,1.6,,,108,108
4030,"Đậu đũa, quả","Yardlong bean, raw","Rau, quả, củ dùng làm rau","Vegetables, fruits, tubers used as vegetables",67,6,0.31,9.99,2,,83,0.7,47,1.6,4.99,194.28,0.37,35.94,16,0.05,0.21,1.5,22,,20.83,0.29,0.18,0.57,0.06,0.02,62,62
4031,"Đậu Hà Lan, quả","Green peas; field pea, raw","Rau, quả, củ dùng làm rau","Vegetables, fruits, tubers used as vegetables",75,6.5,0.29,11.71,1,5.67,81,0.5,57,0.8,5,244,1.24,33,43,0.18,0.41,1.8,27,,41.21,0.4,0.15,2.2,0.1,0.17,65,65
4032,"Đậu rồng, quả non","Winged bean, asparagus pea, raw","Rau, quả, củ dùng làm rau","Vegetables, fruits, tubers used as vegetables",40,1.9,0.1,7.9,1.6,,89.5,0.6,63,1.3,,,,,60,,,,22,,22.5,0.06,0.12,0.5,,,,
4033,Đu đủ xanh,"Papaya, unripe, raw","Rau, quả, củ dùng làm rau","Vegetables, fruits, tubers used as vegetables",30,0.8,0.0,6.6,2,,92.1,0.5,63,0.9,7,215,,56,50,0.1,,,40,,1.25,0.02,0.03,0.3,,,,
4034,Quả gấc,"Gac fruit, whole, raw","Rau, quả, củ dùng làm rau","Vegetables, fruits, tubers used as vegetables",129,2.1,7.9,12.3,1.8,,77,0.7,56,1.2,,,,,6.4,,,,11,,1926.25,,,,,,,
4035,Giá đậu tương,"Sprout of soybeans, raw","Rau, quả, củ dùng làm rau","Vegetables, fruits, tubers used as vegetables",82,7.7,1.8,8.7,0.7,,80.8,1,52,1.1,14,484,1.17,72,58,0.43,0.7,0.6,10,,2.08,0.19,0.15,0.8,0.93,0.18,172,172
4036,Giá đậu xanh (giá đỗ),"Mungobean sprouts, raw","Rau, quả, củ dùng làm rau","Vegetables, fruits, tubers used as vegetables",52,5.5,0.13,7.17,2,4.13,86.5,0.7,38,1.4,23.02,164.01,0.41,16.58,91,0.16,0.19,0.6,10,,1,0.2,0.13,0.75,0.38,0.09,61,61
4037,"Hành tím (hành củ, hành khô)","Onion, bulb, raw","Rau, quả, củ dùng làm rau","Vegetables, fruits, tubers used as vegetables",29,1.3,0.28,5.22,0.7,,92.5,0.7,32,1.1,17,212,0.52,23,49,0.07,0.14,0.6,10,,1.25,0.03,0.04,0.2,0.17,0.07,16,16
4038,Hành lá (hành hoa),"Onion, leave, raw","Rau, quả, củ dùng làm rau","Vegetables, fruits, tubers used as vegetables",26,1.3,0.0,5.2,0.9,,92.5,1,80,1,16,122.6,0.44,23.12,41,0.18,0.26,,60,,114.17,0.03,0.1,1,,,,
4039,Hành tây,"Onion, common, garden, raw","Rau, quả, củ dùng làm rau","Vegetables, fruits, tubers used as vegetables",45,1.8,0.11,9.29,1.1,4.28,88,0.8,38,0.8,7.5,220.7,1.43,23,58,0.07,0.2,1.5,10,,0.08,0.03,0.04,0.2,0.12,0.15,19,19
4040,Hạt sen,"Lotus seed, raw","Rau, quả, củ dùng làm rau","Vegetables, fruits, tubers used as vegetables",164,9.5,0.5,30.3,0.8,,57.9,1.8,76,1.4,1,367,0.28,56,164,0.09,0.62,,,,0.83,0.17,0.09,0.8,0.23,0.17,51,51
4041,"Hạt sen, khô",Dried lotus seed,"Rau, quả, củ dùng làm rau","Vegetables, fruits, tubers used as vegetables",342,20,2.4,60.2,2.2,,14,3.4,89,6.4,5,1368,1.05,210,285,0.35,2.32,,,,2.5,0.64,0.15,1.6,0.85,0.63,104,104
4042,Hẹ lá,"Onion, fragrant, Chinese leek, raw","Rau, quả, củ dùng làm rau","Vegetables, fruits, tubers used as vegetables",21,2.2,0.21,2.49,0.9,3.9,94.5,0.6,56,1.3,6,234,0.2,18,45,0.1,0.3,1,19,,83.33,0.03,0.09,0.9,0.14,0.23,64,64
4043,Hoa chuối,"Banana, buds and flowers, raw","Rau, quả, củ dùng làm rau","Vegetables, fruits, tubers used as vegetables",28,1.5,0.0,5.5,2,,92,1,44,0.9,,,,,32,,,,5,,14.17,1.04,0.03,0.4,,,,
4044,Rau húng dũi (húng lủi),"Daylily, lemon flowers, raw","Rau, quả, củ dùng làm rau","Vegetables, fruits, tubers used as vegetables",35,2.9,0.0,5.8,3,,90.5,0.8,52,1.2,,,0.2,,53,,,,48,,48.75,0.19,0.13,1.1,,0.1,81,81
4045,Húng quế,"Carambola; Star fruit, raw","Rau, quả, củ dùng làm rau","Vegetables, fruits, tubers used as vegetables",26,0.6,0.23,5.47,2.6,3.98,93.5,0.2,10,0.9,2,133,0.12,10,8,0.14,0.04,0.6,30,,3.08,0.05,0.04,0.4,0.39,0.02,12,12
4046,Lá lốt,"Lolot pepper, raw","Rau, quả, củ dùng làm rau","Vegetables, fruits, tubers used as vegetables",49,4.3,0.0,7.9,2.5,,86.5,1.3,172.86,2.73,10.15,397.64,,65.09,651.53,,,,34,,337.5,,,,,,,
4047,Lá me,,"Rau, quả, củ dùng làm rau","Vegetables, fruits, tubers used as vegetables",46,7.5,0.0,4,,,86,2.5,319,,,,,,,,,,,,,,,,,,,
4048,Lá mơ lông,"Skunk vine, raw","Rau, quả, củ dùng làm rau","Vegetables, fruits, tubers used as vegetables",48,3.9,0.0,8,5.1,,86.1,2,211,,,,,,2.8,,,,75,,27.5,,,,,,,
4049,Lá sắn,"Cassava leaves, raw","Rau, quả, củ dùng làm rau","Vegetables, fruits, tubers used as vegetables",96,7,0.0,16.9,4.3,,74.8,1.3,200,1.9,,,,,27,,,,295,,690,0.25,0.66,2.4,,,,
4050,"Măng chua, măng tre","Bamboo shoot, fermented, raw","Rau, quả, củ dùng làm rau","Vegetables, fruits, tubers used as vegetables",28,1.4,0.0,5.5,4.1,,92.8,0.3,8.54,0.43,4.27,230.63,0.52,41.76,13.76,0.09,0.18,,9,,1.25,0.11,0.09,0.6,,,,
4051,"Măng tre, khô","Bamboo shoot, dried","Rau, quả, củ dùng làm rau","Vegetables, fruits, tubers used as vegetables",301,13,2.1,57.5,36,,23,4.4,100,5,,,,,200,,,,1,,1.67,0.11,0.14,1.3,,,,
4052,Mộc nhĩ (nấm mèo),"Asparagus, white, raw","Rau, quả, củ dùng làm rau","Vegetables, fruits, tubers used as vegetables",24,2.2,0.14,3.36,2.3,1.88,93.7,0.6,21,0.9,2,202,0.54,14,6.2,0.19,0.16,2.3,10,,37.79,0.16,0.03,3,0.27,0.09,52,52
4053,Măng tre,"Bamboo shoots, raw","Rau, quả, củ dùng làm rau","Vegetables, fruits, tubers used as vegetables",31,1.7,0.21,5.59,4.1,3,92,0.5,22,1,2.22,296.11,0.61,1.67,58,0.11,0.15,0.44,1,,1,0.08,0.08,0.6,0.16,0.24,7,7
4054,Mướp,"Gourd, sponge gourd, raw","Rau, quả, củ dùng làm rau","Vegetables, fruits, tubers used as vegetables",18,0.9,0.14,3.36,0.5,,95.1,0.5,28,0.8,3,139,0.07,14,45,0.04,0.09,0.2,8,,13.33,0.04,0.06,0.5,0.22,0.04,7,7
4055,Mướp đắng,"Balsam-pear,  Bitter gourd, raw","Rau, quả, củ dùng làm rau","Vegetables, fruits, tubers used as vegetables",20,0.9,0.0,4.1,1.1,,94.4,0.6,18,0.6,5,296,0.8,17,29,0.03,0.09,0.2,22,,23.54,0.07,0.04,0.3,0.21,0.04,72,72
4056,Mướp Nhật bản,"Sponge gourd, Japanese origin, raw","Rau, quả, củ dùng làm rau","Vegetables, fruits, tubers used as vegetables",16,0.8,0.0,3.2,1.4,,95.4,0.6,29.8,0.3,,,,,22.3,,,,,,,,,,,,,
4057,Ngải cứu,"Mugwort, wormwood, raw","Rau, quả, củ dùng làm rau","Vegetables, fruits, tubers used as vegetables",33,3.8,0.0,4.4,2,,89.7,2.1,136.3,3.1,98,612,,63,45.4,,,,,,,,,,,,,
4058,Rau ngổ (rau om),"Baby corn, raw","Rau, quả, củ dùng làm rau","Vegetables, fruits, tubers used as vegetables",42,2.2,0.2,7.8,0.4,,89.2,0.6,5,0.9,,,,,52,,,,34,,,0.09,0.2,0.7,,,,
4059,Ngó sen,"Lotus, underground stem, raw","Rau, quả, củ dùng làm rau","Vegetables, fruits, tubers used as vegetables",65,1,0.07,15.13,1.2,,82.9,0.9,19,0.5,40,556,0.39,23,51,0.26,0.26,0.7,25,,0.83,0.11,0.04,0.4,0.38,0.26,13,13
4060,Nụ mướp,"Sponge gourd, young flower, raw","Rau, quả, củ dùng làm rau","Vegetables, fruits, tubers used as vegetables",36,4.9,0.0,4,1.5,,90,1.1,140,1.2,,,,,80,,,,,,,,,,,,,
4061,Ớt đỏ to,"Peppers, red, raw","Rau, quả, củ dùng làm rau","Vegetables, fruits, tubers used as vegetables",31,0.99,0.3,6.04,2,4.2,92.2,0.47,7,0.43,2,211,0.25,12,26,0.02,0.11,0.1,190,,156.58,0.05,0.09,0.98,0.32,0.29,18,18
4062,Ớt vàng to,"Peppers, yellow, raw","Rau, quả, củ dùng làm rau","Vegetables, fruits, tubers used as vegetables",34,1.3,0.0,7.1,1.4,,91,0.6,86,3.6,14.5,275.1,0.32,12,120,0.14,1.1,0.3,250,,436.88,0.37,0.51,2.5,0.17,0.17,26,26
4063,Ớt xanh to,"Peppers, green, raw","Rau, quả, củ dùng làm rau","Vegetables, fruits, tubers used as vegetables",31,1.3,0.13,6.07,1.5,2.4,92,0.5,6,0.8,3,175,0.13,10,25,0.07,0.12,,103,,17.42,0.04,0.05,0.9,0.1,0.22,11,11
4064,Quả dọc,"Bira tai, raw","Rau, quả, củ dùng làm rau","Vegetables, fruits, tubers used as vegetables",19,0.8,0.0,3.9,,,95,0.3,20.7,,,,,,4.5,,,,,,,,,,,,,
4065,Quả me chua,"Tamarind fruit, pulp, raw","Rau, quả, củ dùng làm rau","Vegetables, fruits, tubers used as vegetables",35,1.9,0.0,6.8,2,,90.3,1,130,0.4,,,,,46,,,,12,,0.83,0.15,0.05,0.4,,,,
4066,Rau bí,"Pumpkin leaves, raw","Rau, quả, củ dùng làm rau","Vegetables, fruits, tubers used as vegetables",26,2.7,0.28,3.12,1.7,,93.2,0.7,100,2.1,17.21,390.06,0.45,18.02,25.8,0.09,0.29,0.9,11,,161.67,0.09,0.13,0.9,0.04,0.21,36,36
4067,"Rau câu, khô","Seaweed, dried","Rau, quả, củ dùng làm rau","Vegetables, fruits, tubers used as vegetables",281,11.2,1.1,56.6,20.8,2.97,20,11.1,378,8.8,102,1125,5.8,770,124.1,0.61,4.3,7.4,,,,0.01,0.22,0.2,3.02,0.3,580,580
4068,Rau câu,"Seaweed, fresh","Rau, quả, củ dùng làm rau","Vegetables, fruits, tubers used as vegetables",45,1.9,0.1,9.1,5,0.28,86.2,2.7,85,0.9,9,226,0.58,67,34,0.06,0.37,0.7,,,,0.01,0.03,0.5,0.3,0.03,85,85
4069,Rau diếp,"Lettuce, garden, raw","Rau, quả, củ dùng làm rau","Vegetables, fruits, tubers used as vegetables",15,1.2,0.11,2.39,0.5,0.78,95.7,0.6,38,1.1,14,254,0.4,18,37,0.18,0.8,0.8,30,,370.25,0.3,0.09,0.22,0.13,0.09,38,38
4070,Rau đay,"Jute potherb, raw","Rau, quả, củ dùng làm rau","Vegetables, fruits, tubers used as vegetables",31,2.8,0.18,4.52,1.5,,91.4,1.1,182,7.7,16.12,417,0.79,78.61,57.3,0.26,0.12,0.9,77,,380,0.13,0.26,1.1,0.07,0.6,123,123
4071,"Rau giấp cá, diếp cá","Lizard tail,  fishwort, raw","Rau, quả, củ dùng làm rau","Vegetables, fruits, tubers used as vegetables",30,2.9,0.0,4.5,1.8,,91.5,1.1,,,72,461,,81,,,,,68,,51.67,,,,,,,
4072,Rau giền cơm,"Amaranth, spineless, raw","Rau, quả, củ dùng làm rau","Vegetables, fruits, tubers used as vegetables",27,3.4,0.31,2.69,1.6,,92,1.6,341,4.1,20,611,0.9,55,76,0.16,0.89,0.9,63,,441.67,0.36,1.3,1.3,0.06,0.19,85,85
4073,Rau giền đỏ,"Amaranth, sp. Red, raw","Rau, quả, củ dùng làm rau","Vegetables, fruits, tubers used as vegetables",47,3.3,0.31,7.79,1.6,,86.2,2.4,288,5.4,55.8,475.5,0.5,164,123,0.2,1.85,,89,,340,0.08,1.16,1.4,,,,
4074,Rau giền trắng,"Amaranth, sp White, raw","Rau, quả, củ dùng làm rau","Vegetables, fruits, tubers used as vegetables",48,3.2,0.4,7.8,1.5,,86.7,1.9,288,6.1,,,,,80,,,,27,,237.92,0.08,0.28,0.3,,,,
4075,Rau húng,"Basil sweet leaves, raw","Rau, quả, củ dùng làm rau","Vegetables, fruits, tubers used as vegetables",34,2.2,0.52,5.08,3.5,0.3,91.4,0.8,202,4.8,91,148,0.91,73.13,82.5,0.22,1.86,0.3,27,,263.75,0.08,0.35,0.8,0.24,0.13,64,64
4076,Rau khoai lang,"Sweet potato leaves, raw","Rau, quả, củ dùng làm rau","Vegetables, fruits, tubers used as vegetables",28,2.6,0.21,3.99,1.4,,91.9,1.3,48,2.7,19.01,498.02,0.29,60.11,54,0.04,0.26,0.9,11,,152.5,0.13,0.26,0.9,0.23,0.19,80,80
4077,Rau kinh giới,"Vietnamese Balm, raw","Rau, quả, củ dùng làm rau","Vegetables, fruits, tubers used as vegetables",36,2.7,0.0,6.4,3.6,,90.3,0.6,246,1,2,210.6,0.52,89.02,15,0.25,,,110,,363.33,,,,,,,
4078,Rau má rừng,"Wild centella, raw","Rau, quả, củ dùng làm rau","Vegetables, fruits, tubers used as vegetables",31,3.1,0.0,4.6,1.5,,91.1,1.2,172,0.2,,,,,24,,,,20,,21.67,,,,,,,
4079,"Rau má, má mơ","Centella, gotu kola, raw","Rau, quả, củ dùng làm rau","Vegetables, fruits, tubers used as vegetables",38,3.2,0.0,6.3,4.5,,88.2,2.3,229,3.1,,,,,2.4,,,,37,,108.33,0.15,0.14,1.2,,,,
4080,Rau mồng tơi,"Malabar, Ceylon spinach, raw","Rau, quả, củ dùng làm rau","Vegetables, fruits, tubers used as vegetables",24,2,0.0,3.9,2.5,,93.2,0.9,176,1.6,37.5,390.8,0.54,94.23,33.7,0.02,0.45,,72,,160,0.06,0.17,0.6,,,,
4081,Rau mùi,"Coriander, raw","Rau, quả, củ dùng làm rau","Vegetables, fruits, tubers used as vegetables",22,2.6,0.33,2.17,1.8,0.87,93.3,1.6,133,4.5,46,521,0.5,26,80,0.23,0.43,0.9,140,,337.42,0.11,0.15,1.3,0.57,0.15,62,62
4082,Rau mùi tàu,"Parsley, curley, raw","Rau, quả, củ dùng làm rau","Vegetables, fruits, tubers used as vegetables",30,2.1,0.55,4.25,1.6,0.85,92,1.1,20,2.9,38.6,236.7,0.41,34.77,30,0.21,0.36,0.1,177,,420,0.11,0.28,1.4,0.4,0.09,152,152
4083,Rau muống,"Water spinach, raw","Rau, quả, củ dùng làm rau","Vegetables, fruits, tubers used as vegetables",28,3.2,0.24,3.26,1,,92,1.3,100,1.4,37.4,330.5,0.35,14.83,37,0.1,0.6,1,20,,141.75,0.1,0.09,0.7,0.07,0.2,194,194
4084,"Rau muống, khô","Water spinach, dried","Rau, quả, củ dùng làm rau","Vegetables, fruits, tubers used as vegetables",293,34.2,1.8,35,12,,14,15,880,15.2,,,,,300,,,,10,,1083,,,,,,,
4085,Rau ngổ,"Buffalo spinach, raw","Rau, quả, củ dùng làm rau","Vegetables, fruits, tubers used as vegetables",24,1.5,0.0,4.4,2.1,,93.3,0.8,84,2.2,5.1,222.4,1.48,,18,0.48,1.49,,78,,193.75,0.11,0.15,1.3,,,,
4086,Rau ngót,"Sauropus, sp. Leaves, raw","Rau, quả, củ dùng làm rau","Vegetables, fruits, tubers used as vegetables",45,5.3,0.0,5.9,2.5,,86.4,2.4,169,2.7,24.5,457.3,0.94,122.82,64.5,0.19,2.4,,53,,591.38,0.07,0.39,2.2,,,,
4087,"Rau ngót, khô","Sauropus, dried","Rau, quả, củ dùng làm rau","Vegetables, fruits, tubers used as vegetables",299,32.2,2.6,36.8,15,,14,14.4,,,,,,,,,,,,,130,,,,,,,
4088,Rau răm,"Vietnamese mint, hot mint, raw","Rau, quả, củ dùng làm rau","Vegetables, fruits, tubers used as vegetables",45,4.7,0.0,6.6,3.8,,86.7,2,316,2.2,5,216,1.05,27.7,55,0.39,3.63,,57,,,,,,,,,
4089,Rau rút (rau nhút),"Water mimosa,  raw","Rau, quả, củ dùng làm rau","Vegetables, fruits, tubers used as vegetables",35,5.1,0.0,3.7,1.9,,90.4,0.8,180,,,,,,59,,,,,,,,,,,,,
4090,Rau xà lách,"Lettuce, garden asparagus, raw","Rau, quả, củ dùng làm rau","Vegetables, fruits, tubers used as vegetables",18,1.5,0.27,2.43,0.5,,95,0.8,77,0.9,58.5,332.8,0.4,18,34,0.22,0.75,0.8,15,,87.5,0.14,0.12,0.7,,,,
4091,Rau sam,"Purslane, pursley, raw","Rau, quả, củ dùng làm rau","Vegetables, fruits, tubers used as vegetables",20,1.4,0.0,3.7,0.7,,93.6,1.3,85,1.5,,,,,56,,,,26,,13.33,0.03,0.11,0.7,,,,
4092,Rau sắng chùa hương,,"Rau, quả, củ dùng làm rau","Vegetables, fruits, tubers used as vegetables",62,6.5,0.0,8.9,3.4,,82.4,2.2,110,,,,,,80,,,,114,,,,,,,,,
4093,Rau tàu bay,"Redflower ragleaf, fireweed, raw","Rau, quả, củ dùng làm rau","Vegetables, fruits, tubers used as vegetables",24,2.5,0.0,3.5,1.6,,93.1,0.9,81,,,,,,25,,,,10,,141.67,,,,,,,
4094,Súp lơ (bông cải xanh),"Mint leaves, raw","Rau, quả, củ dùng làm rau","Vegetables, fruits, tubers used as vegetables",30,2,0.0,5.4,3,,91.7,0.9,170,3.8,6.3,216.7,0.56,,49,0.74,0.88,,41,,296.67,0.14,0.15,1,,,,
4095,Quả sấu xanh,"Fruit of Dracontomelon duperreanum, immature, raw","Rau, quả, củ dùng làm rau","Vegetables, fruits, tubers used as vegetables",19,1.8,0.0,3,,,94.7,0.5,134.5,,,,,,5.7,,,,,,,,,,,,,
4096,Thì là,"Kohlrabi, turnip cabbage, raw","Rau, quả, củ dùng làm rau","Vegetables, fruits, tubers used as vegetables",44,2.8,0.07,7.93,1.7,2.6,88,1.2,46,0.6,52.8,320.5,0.45,19,50,0.31,0.62,0.7,33,,1.83,0.06,0.05,0.2,0.17,0.15,16,16
4097,"Củ su hào, khô","Kohlrabi, turnip cabbage, dried","Rau, quả, củ dùng làm rau","Vegetables, fruits, tubers used as vegetables",311,20,1.4,54.6,12.5,,15,9,,,,,,,,,,,3,,,,,,,,,
4098,su su,"Chayote, raw","Rau, quả, củ dùng làm rau","Vegetables, fruits, tubers used as vegetables",23,0.8,0.1,4.6,1,1.85,94,0.5,17,0.4,2,125,0.74,12,14,0.12,0.19,0.2,4,,,0.01,0.02,0.4,0.25,0.08,93,93
4099,Súp lơ trắng,"Cauliflower, raw","Rau, quả, củ dùng làm rau","Vegetables, fruits, tubers used as vegetables",34,2.5,0.15,5.65,0.9,2.4,90.9,0.8,26,1.4,20,349,0.2,22,51,0.14,0.2,0.6,34,,0.67,0.11,0.1,0.6,0.65,0.22,57,57
4100,Súp lơ xanh,"Broccoli, raw","Rau, quả, củ dùng làm rau","Vegetables, fruits, tubers used as vegetables",39,2.95,0.3,6.08,3.2,3.03,89.79,0.88,33,0.73,23,300,0.64,20,62,0.04,0.25,0.6,88.1,,7.75,0.08,0.1,0.73,0.7,0.22,57,57
4101,Thìa là,"Dill, raw","Rau, quả, củ dùng làm rau","Vegetables, fruits, tubers used as vegetables",47,2.6,0.96,6.94,5,,88.4,1.1,200,1.2,48,360.6,0.5,55,12.2,0.22,0.55,,63,,237.5,0.05,0.12,0.7,0.4,0.19,150,150
4102,Tía tô,"Balm-mint, garden- balm, raw","Rau, quả, củ dùng làm rau","Vegetables, fruits, tubers used as vegetables",40,2.9,0.0,7,3.6,,89.1,1,190,3.2,2.8,284.1,0.86,111.88,18.3,0.46,0.73,,13,,460,,,,,,,
4103,Tỏi,"Garlic bulbs, raw","Rau, quả, củ dùng làm rau","Vegetables, fruits, tubers used as vegetables",126,6,0.35,24.65,1.5,1,67.7,1.3,24,1.5,18,373,0.9,8,181,0.3,1.3,77.1,10,,,0.24,0.03,0.9,0.6,1.24,3,3
4104,Tỏi tây (hành boaro),"Chinese Leek, Onion fragrant, raw","Rau, quả, củ dùng làm rau","Vegetables, fruits, tubers used as vegetables",35,1.4,0.0,7.4,1.5,,90,1.2,80,2,,,,,58,,,,20,,0.83,0.06,0.04,0.5,,,,
4105,"Trám đen, quả chín","Fruit of Canarium pimela, ripe","Rau, quả, củ dùng làm rau","Vegetables, fruits, tubers used as vegetables",134,2.5,10,8.5,4.9,,77,2,140,,,,,,30,,,,14,,,,,,,,,
4106,"Trám xanh, trám trắng","Canarium nut, pili nut, Java almond, raw","Rau, quả, củ dùng làm rau","Vegetables, fruits, tubers used as vegetables",56,1.2,1.6,9.3,4.9,,86.7,1.2,136,,,,,,9,,,,20,,27.5,0.02,0.11,0.4,,,,
4107,Lá xương sông,"Edible leaves of Blumea lanceolaria, raw","Rau, quả, củ dùng làm rau","Vegetables, fruits, tubers used as vegetables",28,2.2,0.0,4.7,3.2,,91.7,1.4,112,4,11.95,423.98,,49.56,17,,,,4,,,,,,,,,
4108,Rau cải ngọt,"Elongated mustard, raw","Rau, quả, củ dùng làm rau","Vegetables, fruits, tubers used as vegetables",17,1.4,0.1,2.62,,,95.2,0.68,127.6,0.77,,,0.57,,176.6,,,,78.4,,100.5,0.05,0.02,,,,,
4109,Rau cải thảo,"Chinese cabbage, raw","Rau, quả, củ dùng làm rau","Vegetables, fruits, tubers used as vegetables",14,0.9,0.0,2.57,,,95.8,0.73,64.1,0.94,,,0.91,,183.3,,,,21.5,,20.25,0.05,0.01,,,,,
4110,Ngọn su su,"Chayote, young stem and leaves raw","Rau, quả, củ dùng làm rau","Vegetables, fruits, tubers used as vegetables",24,3.3,0.1,2.5,,,93,1.1,93.4,1.95,,,0.91,,388.1,,,,14.3,,0.33,0.05,0.12,,,,,
4111,Quả đậu ván,"Hyacinth bean,    Australian pea, raw","Rau, quả, củ dùng làm rau","Vegetables, fruits, tubers used as vegetables",39,2.8,0.0,7,,,89.6,0.6,72.8,1.15,,,0.76,,336.1,,,,23.3,,100,0.08,0.03,,,,,
4112,"Cà chua, muối","Tomato, pickled with salt","Rau, quả, củ dùng làm rau","Vegetables, fruits, tubers used as vegetables",10,0.6,0.0,1.8,0.8,,94,3.6,,,,,,,,,,,,,,,,,,,,
4113,"Cà pháo, muối nén","Eggplant, pickled with salt","Rau, quả, củ dùng làm rau","Vegetables, fruits, tubers used as vegetables",20,1.3,0.0,3.7,1.7,,81,14,15,0.8,,,,,18,,,,,,3.33,0.05,0.06,0.7,,,,
4114,"Cà pháo, muối sổi","Eggplant, pickled with salt","Rau, quả, củ dùng làm rau","Vegetables, fruits, tubers used as vegetables",23,1.5,0.0,4.2,1.7,,84.3,10,,,,,,,,,,,,,,,,,,,,
4115,Dưa cải bắp,Cabbage Chinese pickled with salt,"Rau, quả, củ dùng làm rau","Vegetables, fruits, tubers used as vegetables",24,1.2,0.0,4.9,1.6,,90.9,3,51,0.3,,,,,34,,,,20,,1.67,0.01,0.06,0.3,,,,
4116,Dưa cải bẹ (cải chua),"Mustard green, pickled with salt","Rau, quả, củ dùng làm rau","Vegetables, fruits, tubers used as vegetables",25,1.8,0.0,4.5,2.1,,90.1,3.6,100,3,,,,,21,,,,3,,62.08,0.03,0.12,0.5,,,,
4117,Dưa cải sen,"Field mustard, pickled with salt","Rau, quả, củ dùng làm rau","Vegetables, fruits, tubers used as vegetables",17,1.1,0.0,3.1,1.8,,93.8,2,63,,,,,,41,,,,,,,,,,,,,
4118,"Dưa chuột, muối","Cucumber, pickled with salt","Rau, quả, củ dùng làm rau","Vegetables, fruits, tubers used as vegetables",17,0.8,0.14,3.06,0.7,,92.1,3.9,25,1.2,1208,23,0.02,4,20,0.09,0.01,,4,,8.33,0.01,0.02,0.2,0.04,0.01,1,1
4119,Dưa giá đậu xanh,"Mung bean sprouts, pickled with salt","Rau, quả, củ dùng làm rau","Vegetables, fruits, tubers used as vegetables",47,5,0.0,6.8,2,,86.2,2,22,1.1,,,,,33,,,,,,,,,,,,,
4120,"Hành củ, muối","Onion, pickled with salt","Rau, quả, củ dùng làm rau","Vegetables, fruits, tubers used as vegetables",24,1.4,0.0,4.7,0.7,,88.5,5.4,12,1.3,,,,,5,,,,,,1.5,0.02,0.03,0.1,,,,
4121,Kiệu muối,"Onion shallot, scallion, pickled with salt","Rau, quả, củ dùng làm rau","Vegetables, fruits, tubers used as vegetables",29,1.3,0.0,5.9,1.2,,89.5,3.3,50,1.2,812,120,,102,35,,,,12.4,,,0.05,0.1,,,,,
4122,"Nhút (dưa muối từ mít non, lá đậu xanh non...)","Mix pickled from young jack fruit, mung bean leaves and other","Rau, quả, củ dùng làm rau","Vegetables, fruits, tubers used as vegetables",25,2.5,0.0,3.8,2.3,,84.9,8.8,204,9,,,,,33,,,,,,,,,,,,,
4123,"Men bia, khô","Brewer's yeast, dried","Rau, quả, củ dùng làm rau","Vegetables, fruits, tubers used as vegetables",367,52.5,3.2,32,6.6,,7.5,4.8,44,16.1,,,,,1291,,,,,,,2.33,5.44,36.7,,,,
4124,Men bia,"Brewer's yeast, fresh","Rau, quả, củ dùng làm rau","Vegetables, fruits, tubers used as vegetables",103,16.2,1.3,6.5,2,,74.6,1.4,30,5,,,,,272,,,,,,,0.77,1.06,8.27,,,,
4125,"Mộc nhĩ, khô","Jew's ear, Wood-ear, Tender variety, dried","Rau, quả, củ dùng làm rau","Vegetables, fruits, tubers used as vegetables",332,10.6,0.2,72,7,,11.4,5.8,357,56.1,70,708,7.52,146,201,5.07,1.15,133.1,1.4,,1.67,0.15,0.55,2.7,21.48,0.95,160,160
4126,Nấm hương khô (đông cô khô),"Mushroom, shiitake, dried","Rau, quả, củ dùng làm rau","Vegetables, fruits, tubers used as vegetables",342,36,4,40.5,17,,13,6.5,184,35,,,,,606,,,,,,,0.16,1.59,23.4,,,,
4127,Nấm hương,"Mushroom, shiitake, raw","Rau, quả, củ dùng làm rau","Vegetables, fruits, tubers used as vegetables",51,5.5,0.5,6.1,3,,87,0.9,27,5.2,,,,,89,,,,,,,,,,,,,
4128,Nấm mỡ (Nấm tây),"Common mushroom, table mushroom, raw","Rau, quả, củ dùng làm rau","Vegetables, fruits, tubers used as vegetables",37,4,0.3,4.5,1.1,,90.4,0.8,28,1.3,12,322,0.3,14,80,1.79,0.1,13,4,,0.83,0.11,0.16,3.3,,,,
4129,Nấm rơm,"Straw mushroom, raw","Rau, quả, củ dùng làm rau","Vegetables, fruits, tubers used as vegetables",61,3.6,3.2,4.5,1.1,,87.9,0.8,28,1.2,,,,,80,,,,2,,,0.12,0.33,9.1,,,,
4130,Nấm thường,"Gilled mushroom, meadow mushroom, raw","Rau, quả, củ dùng làm rau","Vegetables, fruits, tubers used as vegetables",48,4.6,0.8,5.7,3.5,1.65,88,0.9,2.3,0.7,5,318,0.52,9,59,0.32,0.05,9.3,6,,0.83,0.25,0.3,5.2,1.5,0.1,16,16
4132,Hành khô,,"Rau, quả, củ dùng làm rau","Vegetables, fruits, tubers used as vegetables",326,15.6,0.0,66,8.4,,10,,384,13.2,204,2544,6.24,,,,,,,,,,,,,,,
4133,Nấm kim châm,"Mushroom, small and tall, raw","Rau, quả, củ dùng làm rau","Vegetables, fruits, tubers used as vegetables",44,2.66,0.29,7.81,2.7,0.22,88.34,0.91,,1.15,3,359,0.65,16,105,0.11,0.08,2.2,,,,0.23,0.2,7.03,1.35,0.1,48,48
4134,Cải ngồng,,"Rau, quả, củ dùng làm rau","Vegetables, fruits, tubers used as vegetables",17,1.5,0.2,2.18,1,1.18,95.32,0.8,105,0.8,65,252,0.19,19,37,0.02,0.16,0.5,45,,223,0.04,0.07,0.5,0.09,0.19,66,66
4135,Rau cải chíp,,"Rau, quả, củ dùng làm rau","Vegetables, fruits, tubers used as vegetables",17,1.5,0.2,2.18,1,1.18,95.32,0.8,105,0.8,65,252,0.19,19,37,0.02,0.16,0.5,45,,223,0.04,0.07,0.5,0.09,0.19,66,66
4135002,Rau cải chíp luộc,"Brassica rapa chinensis, boiled","Rau, quả, củ dùng làm rau","Vegetables, fruits, tubers used as vegetables",17,1.5,0.2,2.18,1,1.18,95.32,0.8,105,0.8,65,252,0.19,19,37,0.02,0.16,0.5,24.75,,223,0.03,0.06,0.35,0.09,0.12,39.6,39.6
4139,Rong biển,,"Rau, quả, củ dùng làm rau","Vegetables, fruits, tubers used as vegetables",700,20,60,20,,20,,,,,1600,,,,,,,,,,,,,,,,,
5001,Bưởi,"Pomelo, Pummelo; Shaddock, raw",Quả chín,Ripe fruit,33,0.2,0.0,8,0.7,,91.4,0.4,23,0.5,2.6,158.7,0.16,6,18,0.12,0.02,,95,,0.42,0.04,0.02,0.3,,0.04,,
5002,Cam,"Orange, raw",Quả chín,Ripe fruit,43,0.9,0.06,9.74,1.4,9.35,88.8,0.5,34,0.4,3.5,108.1,0.22,10,23,0.14,0.52,0.4,40,,7.75,0.08,0.03,0.2,0.25,0.06,30,30
5003,Chanh,"Lemon, raw",Quả chín,Ripe fruit,29,0.9,0.14,5.96,1.3,,92.5,0.5,40,0.6,3,145,0.1,12,22,0.26,,,77,,,0.04,0.01,0.1,0.23,0.11,,
5004,Chôm chôm,"Rambutan, raw",Quả chín,Ripe fruit,77,1.5,0.0,17.7,1.3,,80.3,0.5,27.8,0.5,94,69,,25,15,,,,,,,,,,,,,
5005,"Chuối, khô","Banana, dried",Quả chín,Ripe fruit,301,5,0.0,70.3,2.3,,22,2.7,,,,,,,,,,,,,,,,,,,,
5006,Chuối tây,"Banana, raw",Quả chín,Ripe fruit,66,0.9,0.3,15,,12.23,83.2,0.6,12,0.5,17.1,285.5,0.32,27,25,0.15,0.31,1,6,,3.21,0.04,0.07,0.6,0.33,0.37,20,20
5007,Chuối tiêu,"Banana, dwarf, raw",Quả chín,Ripe fruit,100,1.5,0.2,23,0.8,,74.4,0.9,8,0.6,19.3,329.4,0.37,41,28,0.14,0.12,0.9,6,,3.75,0.04,0.05,0.7,,,,
5008,Dâu gia,"Fruit of Baccaurea sapida, tươi",Quả chín,Ripe fruit,27,0.6,0.0,6.2,,,92.8,0.4,20,0.5,,,,,12,,,,2,,,,,,,,,
5009,Dâu tây,"Strawberry, raw",Quả chín,Ripe fruit,59,1.8,0.4,12.1,4,,84.9,0.8,22,0.7,37,292,,17,23,,,,60,,2.5,0.03,0.06,0.3,,,,
5010,Dưa bở,"Musk melon, Spanish melon, Cantaloupe, raw",Quả chín,Ripe fruit,21,0.5,0.2,4.3,0.7,7.89,94.5,0.5,36,0.3,,201,0.17,9,36,0.09,0.05,,9,,16.58,0.04,0.02,0.4,0.19,0.03,5,5
5011,Dưa hấu,"Watermelon, raw",Quả chín,Ripe fruit,18,1.2,0.2,2.8,0.5,6.2,95.5,0.3,8,1,4.5,187.2,0.11,15,13,0.08,0.03,0.4,7,,36.83,0.04,0.04,0.2,0.22,0.05,3,3
5012,Dưa hồng,,Quả chín,Ripe fruit,19,0.3,0.1,4.1,0.4,8.12,95,0.5,27,0.4,18,228,0.09,10,12,0.02,0.03,0.7,7,,2.5,0.02,0.02,0.5,0.16,0.09,19,19
5013,Dưa lê,"Honey dew melon, raw",Quả chín,Ripe fruit,20,0.4,0.0,4.7,0.5,,93.3,1.6,11,0.6,,,,,21,,,,,,,,,,,,,
5014,Dứa ta,"Pineapple, wild, raw",Quả chín,Ripe fruit,32,0.8,0.0,7.3,0.8,,91.5,0.4,15,0.5,24.2,156.9,0.25,22,17,0.32,0.12,0.5,24,,3.33,0.08,0.02,0.2,,,,
5015,Dứa tây,"Pineapple, raw",Quả chín,Ripe fruit,40,0.5,0.07,9.23,0.4,9.26,89.7,0.5,32,0.3,1,115,0.1,12,11,0.1,1.18,0.1,26,,2.83,0.08,0.03,0.2,0.21,0.11,15,15
5016,Đào,"Peach, raw",Quả chín,Ripe fruit,37,0.9,0.2,7.8,1.5,8.39,90.5,0.6,20,0.45,,190,0.17,9,34,0.07,0.06,0.1,10,,16.29,0.02,0.05,0.9,0.15,0.03,4,4
5017,Đu đủ chín,"Papaya ripe, raw",Quả chín,Ripe fruit,38,1,0.11,8.19,0.6,5.9,90.1,0.6,40,2.6,4.3,220.5,0.1,8,32,0.04,0.84,0.6,54,,55.79,0.02,0.02,0.4,0.22,0.02,38,38
5018,Gioi,"Ohia; Malaya roseapple, raw",Quả chín,Ripe fruit,27,0.4,0.0,6.4,2.9,,93,0.2,12,0.5,,123,0.06,5,6,0.02,0.03,,30,,,0.03,0.02,0.2,,,,
5019,Hồng bì,"Wampee, Chinese; Wampi, raw",Quả chín,Ripe fruit,44,1.4,0.0,9.6,2.4,,88.2,0.8,48,0.4,,,,,9,,,,24,,,0.02,0.11,3.3,,,,
5020,Hồng đỏ,"Persimmon kaki soft type, ripe, raw",Quả chín,Ripe fruit,38,0.7,0.1,8.6,2.5,12.53,90,0.6,10,0.2,4.3,214.2,0.19,9,19,0.1,1.12,0.6,16,,81.38,0.01,0.02,0.2,,0.1,8,8
5021,Hồng ngâm,"Persimmon kaki, Hard-type, ripe, raw",Quả chín,Ripe fruit,48,0.9,0.0,11.1,2.5,,87.5,0.5,10,0.2,2.6,217.2,0.22,,19,0.1,1.22,,16,,134.58,0.01,0.02,0.2,,,,
5022,Hồng xiêm,"Sapodilla, sapota ponderosa, raw",Quả chín,Ripe fruit,58,0.5,0.7,12.5,2.5,,85.7,0.6,52,2.3,12,193,0.1,12,24,0.09,,0.6,8,,,,0.02,0.2,0.25,0.04,14,14
5023,Lê,"Pear, raw",Quả chín,Ripe fruit,48,0.7,0.2,10.8,0.6,9.8,87.8,0.5,19,2.3,5,88.4,0.13,7,16,0.14,0.05,0.1,4,,2.5,0.02,0.04,0.1,0.05,0.03,7,7
5024,Lựu,"Pome granate, raw",Quả chín,Ripe fruit,79,0.6,0.15,18.85,2.5,16.57,79.6,0.8,13,0.7,3,259,0.12,3,23,0.07,,0.6,6,,5.42,0.07,0.01,0.3,0.6,0.11,6,6
5025,Mãng cầu xiêm,"Soursop, raw",Quả chín,Ripe fruit,58,1.8,0.0,12.6,1.9,,84.7,0.9,38.1,0.7,4,382,,18,14.2,,,,19.2,,,0.08,0.1,0.5,0.14,0.22,,
5026,Mắc coọc,"Wild Himalayan pear, raw",Quả chín,Ripe fruit,24,0.2,0.0,5.7,,,93.8,0.3,32,0.6,,,,,7,,,,2,,,,,,,,,
5027,Mận tím,"Japanese plum, raw",Quả chín,Ripe fruit,23,0.6,0.2,4.6,0.7,9.92,94.1,0.5,28,0.4,,157,0.1,7,20,0.06,0.05,,3,,138.71,0.06,0.04,0.5,0.14,0.03,5,5
5028,Mít dai,"Jackfruit, mature, raw",Quả chín,Ripe fruit,54,0.6,0.19,12.41,1.2,,85.4,1.4,21,0.4,2.5,367.5,0.67,37,28,0.12,0.15,0.6,5,,15,0.09,0.04,0.7,,0.11,14,14
5029,Mít khô,"Jackfruit, dried",Quả chín,Ripe fruit,286,2.9,0.0,68.5,1.5,,26,2.6,,,,,,,,,,,,,,,,,,,,
5030,Mít mật,"Jackfruit, sweet type, raw",Quả chín,Ripe fruit,67,1.5,0.0,15.2,1.2,,82.2,1.1,21,0.4,,,,,28,,,,5,,6.67,0.09,0.04,0.7,,,,
5031,Mơ,"Apricot, raw",Quả chín,Ripe fruit,50,0.9,0.27,11.03,0.8,9.24,87.1,0.7,28,2.1,1,259,0.2,10,26,0.08,0.08,0.1,7,,212.83,0.04,0.06,0.7,0.24,0.05,9,9
5032,"Mơ, khô","Apricot, dried",Quả chín,Ripe fruit,290,3,1.1,66.9,4.1,53.44,25.9,3.1,62,4.5,10,1162,0.39,32,106,0.34,0.24,2.2,5,,180.25,0.08,0.09,1.6,0.52,0.14,10,10
5033,"Muỗm, quéo","Mango, common; Indian mango, unripe, raw",Quả chín,Ripe fruit,69,0.6,0.4,15.7,0.4,,82.9,0.4,4,0.2,,,,,4,,,,60,,158.75,0.06,0.06,0.9,,,,
5034,Na,"Sugar apple, sweetsop, raw",Quả chín,Ripe fruit,69,1.6,0.2,15.1,0.8,,82.5,0.6,35,0.6,22.3,259.5,0.21,21,45,0.2,0.17,0.6,36,,,0.11,0.1,0.8,0.23,0.2,14,14
5035,Nhãn,"Longan, raw",Quả chín,Ripe fruit,52,0.9,0.0,12,1,,86.3,0.8,21,0.4,25.5,257.1,0.29,10,12,0.15,0.1,,58,,,0.03,0.14,0.3,,,,
5036,"Nhãn, khô","Longan, dried",Quả chín,Ripe fruit,292,4.3,0.5,67.6,1.7,,25,2.6,32,4.4,,,,46,117,,,,34,,,0.02,0.5,1,,,,
5037,Nho ngọt,"Grape, European, sweet, raw",Quả chín,Ripe fruit,71,0.4,0.11,16.99,0.6,15.48,82.1,0.4,17,0.6,2,191,0.07,7,22,0.13,0.07,0.1,3,,3.29,0.06,0.04,0.2,0.05,0.09,2,2
5038,Nho ta (nho chua),"Grape fruit, wild, raw",Quả chín,Ripe fruit,24,0.4,0.0,5.5,2.4,,93.6,0.5,40,1.4,11.4,119.8,0.17,15,21,0.16,0.07,,45,,1.25,0.05,0.04,0.3,,,,
5039,Nhót,"Silver berry, raw",Quả chín,Ripe fruit,22,1.2,0.0,4.4,2.3,,94,0.4,27,0.2,,,,,30,,,,,,,,,,,,,
5040,"Ổi, quả chín","Guava, common, raw",Quả chín,Ripe fruit,61,0.6,0.76,12.94,6,8.92,85,0.7,10,1.3,4,291,2.4,22,16,0.02,0.15,0.6,62,,31.17,0.05,0.04,1.1,0.45,0.11,49,49
5041,Quả bơ vỏ tím,"Avocado, Alligator Pear, raw",Quả chín,Ripe fruit,76,1.8,6.2,3.2,0.4,,88.3,0.5,48.6,1.4,,,,,69,,,,,,,,,,,,,
5042,Quả bơ vỏ xanh,"Avocado, Alligator Pear, raaw",Quả chín,Ripe fruit,103,1.9,9.4,2.8,0.5,2.42,85.4,0.5,59.9,1.6,0.93,162.5,0.19,11.11,84.9,0.14,0.04,,17.4,,7.04,0.02,0.05,0.67,0.93,0.08,35,35
5043,Quả cóc,"Pork plum, Tahitian apple, Otaheite apple, raw",Quả chín,Ripe fruit,62,1.8,0.0,13.7,0.9,,83.9,0.6,37.6,1.6,,,,,24.1,,,,,,,,,,,,,
5044,thanh long,"Dragon's eyes fruit, raw",Quả chín,Ripe fruit,47,1.3,0.0,10.5,1.8,,87.6,0.6,10.7,0.6,,,,,10.8,,,,9.6,,,,,,,,,
5045,Quả trứng gà,"Lúcuma, raw",Quả chín,Ripe fruit,106,4.3,0.4,21.3,,,73.4,0.6,101,,,,,,270,,,,,,,,,,,,,
5046,Quất chín,"Mandarin, raw",Quả chín,Ripe fruit,42,0.9,0.0,9.6,4.1,,89,0.5,124,0.3,,,,,42,,,,43,,8.33,0.1,0.02,0.2,,,,
5047,Quít,"Tangerine; Orange; Mandarin, raw",Quả chín,Ripe fruit,40,0.8,0.0,9.2,0.6,10.58,89.5,0.5,35,0.4,3.6,110.9,0.2,10,17,0.1,0.08,0.4,55,,24.67,0.08,0.03,0.2,0.22,0.08,16,16
5048,Sầu riêng,"Durian, raw",Quả chín,Ripe fruit,138,2.5,1.6,28.3,1.4,,66.8,0.8,20,0.9,1,601,0.28,33,63,0,0.33,,37,,2.17,0.27,0.29,1.2,0.23,0.32,36,36
5049,Sấu chín,"Sanpidus, ripe, raw",Quả chín,Ripe fruit,49,1.3,0.0,10.9,2.7,,87,0.8,100,,,,,,44,,,,3,,,,,,,,,
5050,Táo ta,"Jujube, Vietnamese apple, raw",Quả chín,Ripe fruit,40,0.8,0.0,9.2,0.7,,89.5,0.5,44,0.2,3,250,0.05,10,25,0.07,0.08,,24,,0.42,0.06,0.04,0.6,,0.08,,
5051,Táo tây,"Apple, common, raw",Quả chín,Ripe fruit,50,0.5,0.09,11.71,0.6,10.39,87.2,0.5,19,2.5,15.2,101.9,0.2,3,13,0.1,0.06,0.2,7,,2.71,0.04,0.03,0.2,0.06,0.04,3,3
5052,Vải,"Litchi; lychee, raw",Quả chín,Ripe fruit,49,0.7,0.35,10.75,1.1,15.23,87.8,0.4,6,0.5,1,171,0.07,10,34,0.15,0.06,0.6,36,,,0.02,0.04,0.7,,0.1,14,14
5053,"Vải, khô","Litchi, dried with shells",Quả chín,Ripe fruit,264,3,1.9,58.6,1,66.1,34.9,1.6,25,1.4,3,1110,0.28,42,58,0.63,0.23,1.3,183,,,0.01,0.57,3.1,,0.09,12,12
5054,Vú sữa,"Starapple, cainito, raw",Quả chín,Ripe fruit,51,1,0.0,11.7,2.3,,86.5,0.8,68,0.4,,,,,32,,,,5,,,0.01,0.02,0.9,,,,
5055,Xoài chín,"Mango, common, ripe, raw",Quả chín,Ripe fruit,69,0.6,0.3,15.9,,14.8,82.6,0.6,10,0.4,2.1,114.1,0.56,9,13,0.15,0.28,0.6,30,,38.25,0.05,0.05,0.3,0.16,0.13,14,14
5056,Quả kiwi,"Kiwifruit, Chinese gooseberry, raw",Quả chín,Ripe fruit,68,1.14,0.52,14.66,3,8.99,83.07,0.61,34,0.31,3,312,0.14,17,34,0.13,0.1,0.2,92.7,,4.33,0.03,0.03,0.34,0.18,0.06,25,25
5058,Táo mèo,,Quả chín,Ripe fruit,92,1.94,0.17,20.65,7.16,,74.6,,,,,,,,,,,,,,,,,,,,,
5060,Dưa lưới,Cantaloupe,Quả chín,Ripe fruit,38,0.84,0.19,8.16,0.9,7.86,90.15,,9,0.21,16,267,0.18,12,15,0.04,,0.4,36.7,,169,0.04,0.02,0.73,,0.07,21,21
5061,Măng cụt,Mangosteen,Quả chín,Ripe fruit,65,0.6,0.6,14.4,1.5,,82.7,0.2,11,0.6,10,63,0.1,,13,0.1,,,3,,,0.06,0.03,0.3,,,,
6001,Bơ,"Butter, unsalted","Dầu, mỡ, bơ","Oil, fat, butter",756,0.5,83.5,0.5,,,15.4,0.1,12,0.1,11,24,0.09,2,12,0.02,0,1,,600,613.17,0.01,0.04,0.04,0.11,0,3,3
6002,Dầu ăn (dầu thực vật),"Vegetable oil, mixed varieties","Dầu, mỡ, bơ","Oil, fat, butter",897,0.0,99.7,0.0,,,0.3,,,,,,,,,,,,,,,,,,,,,
6003,"Mỡ lợn, muối","Lard, salted","Dầu, mỡ, bơ","Oil, fat, butter",827,2,91,0.0,,,3,4,,,,,,,,,,,,,,,,,,,,
6004,"Mỡ lợn, nước","Lard, liquid","Dầu, mỡ, bơ","Oil, fat, butter",896,0.0,99.6,0.0,,,0.4,,,,,,,,12,,,,,,,0.02,,,,,,
6005,Bơ thực vật (bơ lạt),"Margarine, unsalted","Dầu, mỡ, bơ","Oil, fat, butter",729,0.5,80.7,0.1,,,18.5,0.2,17,,2,25,0.02,2,13,,,,0.1,768,818.83,0.01,0.02,0.01,0.05,0.01,1,1
6006,Dầu bông,"Oil, cottonseed, salad or cooking","Dầu, mỡ, bơ","Oil, fat, butter",900,0.0,100,0.0,,,,,,,,,,,,,,,,,,,,,,,,
6007,Dầu cám gạo,"Oil, rice bran","Dầu, mỡ, bơ","Oil, fat, butter",900,0.0,100,0.0,,,,,,0.07,,,,,,,,,,,,,,,,,,
6008,Dầu cọ,"Vegetable oil, palm kernel","Dầu, mỡ, bơ","Oil, fat, butter",900,0.0,100,0.0,,,,,,,,,,,,,,,,,,,,,,,,
6009,Dầu dừa,"Oil, coconut kernel","Dầu, mỡ, bơ","Oil, fat, butter",900,0.0,100,0.0,,,,,,0.04,,,,,,,,,,,,,,,,,,
6010,Dầu đậu tương,"Oil, soybean, salad or cooking","Dầu, mỡ, bơ","Oil, fat, butter",900,0.0,100,0.0,,,,,,0.02,,,,,,,,,,,,,,,,,,
6011,Dầu lạc,"Oil, peanut, salad or cooking","Dầu, mỡ, bơ","Oil, fat, butter",900,0.0,100,0.0,,,,,,0.03,,,,,,,,,,,,,,,,,,
6012,Dầu mè (dầu vừng),"Oil, sesame, salad or cooking","Dầu, mỡ, bơ","Oil, fat, butter",900,0.0,100,0.0,,,,,,,,,,,,,,,,,,,,,,,,
6013,Dầu ngô,"Oil, corn, salad or cooking","Dầu, mỡ, bơ","Oil, fat, butter",900,0.0,100,0.0,,,,,,,,,,,,,,,,,,,,,,,,
6014,Dầu ô liu,"Oil, olive, salad or cooking","Dầu, mỡ, bơ","Oil, fat, butter",900,0.0,100,0.0,,,,,1,0.56,2,1,,,,,,,,,,,,,,,,
6023,Dầu hỗn hợp,"Vegetable oil, mixed varieties","Dầu, mỡ, bơ","Oil, fat, butter",897,0.0,99.7,0.0,,,0.3,,,,,,,,,,,,,,,,,,,,,
7001,Thịt bê mỡ,"Veal, lean and fat meat, raw",Thịt và sản phẩm chế biến,Meat and processed products,144,19,7.5,0.0,,,72.8,0.7,8,1.7,76,329,2.55,24,188,0.11,0.03,8.5,2,,,0.23,0.25,6.2,1.36,0.49,13,13
7002,Thịt bê nạc,"Veal, lean meat only, raw",Thịt và sản phẩm chế biến,Meat and processed products,85,20,0.5,0.0,,,78.2,1.3,8,1.7,80,348,2.73,26,176,0.12,0.03,8.7,2,,,0.23,0.25,6.2,1.45,0.52,14,14
7003,Thịt bò nạc,"Beef, meat, grade I, raw",Thịt và sản phẩm chế biến,Meat and processed products,118,21,3.8,0.0,,,74.1,1.1,12,3.1,83,378,2.2,28,226,0.16,,,1,12,,0.1,0.17,4.2,,,,
7004,Thịt bò gân mỡ,"Beef, meat, grade II, raw",Thịt và sản phẩm chế biến,Meat and processed products,167,18,10.5,0.0,,,70.5,1,10,2.7,,,,,194,,,,1,2,2,0.1,0.17,4.2,,,,
7005,Thịt thăn bò,"Beef, short loin, top loin, seperable lean only, trimmed to 1/8"" fat, prime, raw",Thịt và sản phẩm chế biến,Meat and processed products,121,23.07,3.16,0.1,,,72.68,0.99,23,1.63,57,361,4.05,24,214,0.08,0.01,31.2,,,,0.08,0.12,6.7,0.68,0.65,13,13
7006,"Thịt bò, lưng, nạc và mỡ","Beef, short loin, top loin, seperable lean only, trimmed to 1/4"" fat, prime, raw",Thịt và sản phẩm chế biến,Meat and processed products,174,21.53,9.49,0.7,,,67.39,0.89,5,1.78,59,349,3.64,22,185,0.08,0.01,17.8,,,,0.1,0.15,4.45,0.36,0.44,7,7
7007,"Thịt bồ câu, cả con non (ra ràng)","Pigeon, young bird, raw",Thịt và sản phẩm chế biến,Meat and processed products,340,17.5,30,0.0,,,51.7,0.8,45,5.4,54,199,2.2,22,217,0.44,0.02,13.3,5.2,73,73,0.1,0.28,5.3,0.76,0.41,6,6
7008,Thịt chó sấn,"Dog, lean and fat meat, raw",Thịt và sản phẩm chế biến,Meat and processed products,338,16,30.4,0.0,,,53,0.6,16,1,20,255,,46,43,,,,,,,0.04,0.08,1.8,,,,
7009,Thịt chó vai,"Dog, shoulder, lean and fat meat, raw",Thịt và sản phẩm chế biến,Meat and processed products,230,18,17.6,0.0,,,63.8,0.6,20,0.7,32,176,,35,36,,,,,,,0.04,0.08,1.8,,,,
7010,Thịt cừu nạc,"Mutton, lean meat, raw",Thịt và sản phẩm chế biến,Meat and processed products,219,16.4,17,0.0,,,65.8,0.8,9,2.5,91,256,2.9,27,177,0.16,0.04,17.8,3,30,30,0.17,0.15,5.8,,,,
7011,Thịt dê nạc,"Goat, lean meat, raw",Thịt và sản phẩm chế biến,Meat and processed products,122,20.7,4.3,0.0,,,74.4,0.6,11,2,44.32,208.11,2.16,,129,0.14,0.02,4.76,1,91,91,0.07,0.13,4.9,,,5,5
7012,Thịt gà rừng,"Chicken, wild, raw",Thịt và sản phẩm chế biến,Meat and processed products,141,24.4,4.8,0.0,,,69.7,1.1,14,0.4,,,,,263,,,,,,,,,,,,,
7013,Thịt gà ta,"Chicken, average meat, raw",Thịt và sản phẩm chế biến,Meat and processed products,199,20.3,13.1,0.0,,,65.6,1,12,1.5,70,189,1.5,29,200,0.05,0.02,14.4,4,120,120,0.15,0.16,8.1,0.91,0.35,6,6
7014,Thịt gà tây,"Turkey, average meat, raw",Thịt và sản phẩm chế biến,Meat and processed products,218,20.06,15.3,0.04,,,63.6,1,24,3.2,66,236,2.67,18,320,0.13,0.02,26.4,,180,180,0.06,0.08,7,0.92,0.29,9,9
7015,Thịt hươu,"Deer, average meat, raw",Thịt và sản phẩm chế biến,Meat and processed products,94,19,2,0.0,,,77.9,1.1,11,2.8,51,318,2.09,23,205,0.25,0.04,9.7,,8,8,0.26,0.6,5.1,,0.37,4,4
7016,Mỡ heo (mỡ lợn),"Pork, fat meat, raw",Thịt và sản phẩm chế biến,Meat and processed products,394,14.5,37.3,0.0,,,47.5,0.7,8,0.4,42,253,1.59,13,156,0.06,0.01,28.4,,2,2,,,,0.53,0.28,4,4
7017,Thịt nạc heo (lợn),"Pork, lean meat, raw",Thịt và sản phẩm chế biến,Meat and processed products,139,19,7,0.0,,,73,1,6.7,0.96,76,341,2.5,32,190,0.19,0.01,23.9,0.8,2,2,0.9,0.18,4.4,0.82,0.42,5,5
7018,Thịt ba chỉ (ba rọi) heo,"Pork, lean and fat meat, raw",Thịt và sản phẩm chế biến,Meat and processed products,260,16.5,21.5,0.0,,,60.9,1.1,9,1.5,55,285,1.91,19,178,0.06,0.01,28.7,2,10,10,0.53,0.16,2.7,0.67,0.39,4,4
7019,Thịt ngỗng,"Goose, average meat, raw",Thịt và sản phẩm chế biến,Meat and processed products,409,14,39.2,0.0,,,46.1,0.7,13,1.8,73,308,1.72,18,210,0.27,0.02,14.4,4.2,17,17,0.2,0.19,5.7,1.29,0.39,4,4
7020,Thịt ngựa,"Horse, average meat, raw",Thịt và sản phẩm chế biến,Meat and processed products,176,21.5,10,0.0,,,66.8,1.7,13,3.1,62,291,4.61,20,200,0.14,0.02,6,0.6,37,37,0.07,0.1,4.2,0.6,0.5,8,8
7021,Thịt thỏ nhà,"Rabbit, average meat, raw",Thịt và sản phẩm chế biến,Meat and processed products,158,21.5,8,0.0,,,69.3,1.2,21,1.6,41,330,1.57,19,224,0.15,0.03,23.7,,10,10,0.08,0.06,7.6,0.8,0.5,8,8
7022,Thịt thỏ rừng,"Rabbit, wild, average meat, raw",Thịt và sản phẩm chế biến,Meat and processed products,103,23.5,1,0.0,,,74.3,1.2,17,4.8,50,378,,29,226,,,9.4,,,,0.09,0.06,8.07,,,,
7023,Thịt trâu,"Buffalo, average meat, raw",Thịt và sản phẩm chế biến,Meat and processed products,97,20.39,1.37,0.89,,,76.3,1.05,12,1.61,53,297,1.93,32,197,0.15,,9,,,,0.04,0.2,5.97,0.16,0.53,8,8
7024,"Thịt trâu, bắp","Buffalo, shoulder, lean meat, raw",Thịt và sản phẩm chế biến,Meat and processed products,115,21.9,3,0.0,,,74.2,0.9,30,,,,,,150,,,,,,,,,,,,,
7025,"Thịt trâu, cổ","Buffalo, neck, lean and fat meat, raw",Thịt và sản phẩm chế biến,Meat and processed products,112,20.9,3.1,0.0,,,74.9,1.1,20,,,,,,160,,,,,,,,,,,,,
7026,"Thịt trâu, đùi","Buffalo, leg, lean and fat meat, raw",Thịt và sản phẩm chế biến,Meat and processed products,112,21.2,3,0.0,,,74.9,0.9,20,,,,,,215,,,,,,,,,,,,,
7027,"Thịt trâu, đùi","Buffalo, loin, lean meat, raw",Thịt và sản phẩm chế biến,Meat and processed products,121,22.8,3.3,0.0,,,73,0.9,26,3.3,,,,,165,,,,,5.17,5.17,0.06,0.16,3.5,,,,
7028,Thịt vịt,"Duck, average meat, raw",Thịt và sản phẩm chế biến,Meat and processed products,267,17.8,21.8,0.0,,,59.5,0.9,13,1.8,63,209,1.36,15,145,0.24,0.02,12.4,2.8,270,270,0.07,0.15,4.7,0.95,0.19,13,13
7029,Bầu dục bò,"Beef, kidney, raw",Thịt và sản phẩm chế biến,Meat and processed products,67,12.5,1.8,0.3,,,84.3,1.1,9,7.1,200,262,1.92,13,219,0.32,0.1,141,6,330,330,0.4,1.75,5.1,3.97,0.67,98,98
7030,Bầu dục lợn,"Pork, kidney, raw",Thịt và sản phẩm chế biến,Meat and processed products,81,13,3.1,0.3,,,82.5,1.1,8,8,121,390,2.75,17,223,0.45,0.1,190,5,150,150,0.38,1.12,4.8,3.13,0.44,42,42
7031,Bì lợn,"Pork, skin, raw",Thịt và sản phẩm chế biến,Meat and processed products,118,23.3,2.7,0.0,,,73.3,0.7,11,0.4,,,,,8,,,,,,,0.29,0.05,,,,,
7032,Chân giò heo (lợn),"Pork, leg , raw",Thịt và sản phẩm chế biến,Meat and processed products,230,15.7,18.6,0.0,,,64.7,1,24,2.1,47,315,1.93,20,106,0.07,0.02,29.4,0.7,30,30,0.01,0.07,1.6,0.69,0.4,7,7
7033,Dạ dày bò,"Beef, stomach, raw",Thịt và sản phẩm chế biến,Meat and processed products,97,14.8,4.2,0.0,,,80.5,0.5,150,0.9,97,67,1.42,13,85,0.07,0.09,12.5,,,,0.04,0.2,3.6,0.23,0.01,5,5
7034,Dạ dày heo (lợn),"Pork, stomach, raw",Thịt và sản phẩm chế biến,Meat and processed products,85,14.6,2.9,0.0,,,81.7,0.8,8,1.4,75,140,1.85,11,144,0.17,0.04,31.1,,,,0.05,0.18,2.5,1.22,0.03,3,3
7035,Đầu bò,"Beef, head, raw",Thịt và sản phẩm chế biến,Meat and processed products,185,18.1,12.5,0.0,,,68.7,0.7,,,,,,,,,,,,,,,,,,,,
7036,Đầu lợn,"Pork, head, raw",Thịt và sản phẩm chế biến,Meat and processed products,335,13.4,31.3,0.0,,,54.6,0.7,,,,,,,,,,,,,,,,,,,,
7037,Đuôi bò,"Beef, tail, raw",Thịt và sản phẩm chế biến,Meat and processed products,137,19.7,6.5,0.0,,,73,0.8,7,2.5,,,,,162,,,,,,,0.03,0.03,5.4,,,,
7038,Đuôi lợn,"Pork, tail, raw",Thịt và sản phẩm chế biến,Meat and processed products,467,10.8,47.1,0.0,,,41.8,0.3,18,0.99,21,114,2.31,56,50,0.08,0.01,2.7,,,,0.21,0.11,2.06,0.67,0.37,5,5
7039,Gan bò,"Beef, liver, raw",Thịt và sản phẩm chế biến,Meat and processed products,110,17.4,3.1,3,,,75.2,1.3,5,9,110,213,4,13,340,1.5,0.3,39.7,30,5000,5061.88,0.4,3,17,7.71,1.08,290,290
7040,Gan gà,"Chicken, liver, raw",Thịt và sản phẩm chế biến,Meat and processed products,111,18.2,3.4,2,,,75,1.4,21,8.2,71,335,2.67,17,260,0.3,0.2,54.6,7,3290,3295.58,0.38,1.63,10.4,6.23,0.85,588,588
7041,Gan lợn,"Pork, liver, raw",Thịt và sản phẩm chế biến,Meat and processed products,116,18.8,3.6,2,,,74.1,1.5,7,12,110,447,5.76,17,353,0.51,0.3,52.7,18,6000,6000,0.4,2.11,16.2,6.65,0.69,211,211
7042,Gan vịt,"Duck, liver, raw",Thịt và sản phẩm chế biến,Meat and processed products,122,17.1,4.7,2.8,,,74.1,1.3,17,4.8,140,230,3.07,24,177,5.96,0.26,67,7,11984,11984,0.44,1.28,9.1,6.18,0.76,738,738
7043,Gân chân bò,"Beef, tendon, leg, raw",Thịt và sản phẩm chế biến,Meat and processed products,124,30.2,0.3,0.0,,,69.2,0.3,,,,,,,,,,,,,,,,,,,,
7043006,"Thịt bò, gân, kho/om","Beef, tendon-leg, braised",Thịt và sản phẩm chế biến,Meat and processed products,175,21.05,7.02,7.02,,,,,,,,,,,,,,,,,,,,,,,,
7044,Lưỡi bò,"Beef, tongue, raw",Thịt và sản phẩm chế biến,Meat and processed products,164,13.6,12.1,0.2,,,73.2,0.9,7,3,69,315,2.87,16,162,0.17,0.03,9.4,3,,,0.07,0.15,4.8,0.65,0.31,7,7
7045,Lưỡi lợn,"Pork, tongue, raw",Thịt và sản phẩm chế biến,Meat and processed products,178,14.2,12.8,1.4,,,70.8,0.8,7,2.4,110,243,3.01,18,118,0.07,0.01,10.4,4.4,,,0.08,0.23,3,0.64,0.24,4,4
7046,Lòng lợn (ruột già),"Pork, large intestine, raw",Thịt và sản phẩm chế biến,Meat and processed products,167,6.9,15.1,0.8,,,76.6,0.6,12,0.5,,,,,55,,,,,,,0.09,0.08,1.6,,,,
7047,Lòng lợn (ruột non),"Pork, small intestine, raw",Thịt và sản phẩm chế biến,Meat and processed products,44,7.2,1.3,0.8,,,90.5,0.2,7,0.8,,,,,48,,,,,,,0.09,0.08,1.6,,,,
7048,Mề gà,"Chicken, gizzard, raw",Thịt và sản phẩm chế biến,Meat and processed products,99,21.3,1.3,0.6,,,75.6,1.2,48,6.6,69,237,2.72,15,150,0.12,0.06,25.5,3.7,19,19,0.04,0.2,4.8,0.63,0.11,5,5
7049,Óc bò,"Beef, brain, raw",Thịt và sản phẩm chế biến,Meat and processed products,124,9,9.5,0.5,,,79.4,1.6,6,0.9,126,274,1.02,13,311,0.29,0.03,21.3,10.7,,7.33,0.13,0.21,3.8,2.01,0.23,3,3
7050,Óc lợn,"Pork, brain, raw",Thịt và sản phẩm chế biến,Meat and processed products,123,9,9.5,0.4,,,80.1,1,7,1.6,120,258,1.27,14,311,0.24,0.09,15.9,13.5,,,0.14,0.19,2.8,2.8,0.19,6,6
7051,Phổi bò,"Beef, lung, raw",Thịt và sản phẩm chế biến,Meat and processed products,103,15.2,4.7,0.0,,,79.1,1,10,6.7,198,340,1.61,14,195,0.26,0.02,44.3,38.5,14,14,0.1,0.14,1.1,1,0.04,11,11
7052,Phổi lợn,"Pork, lung, raw",Thịt và sản phẩm chế biến,Meat and processed products,92,14.8,3.6,0.0,,,80.6,1,9,6.4,153,303,2.03,14,230,0.08,0.02,17.8,12.3,,,0.02,0.14,0.6,0.9,0.1,3,3
7053,Sườn heo (xương heo),"Pork, ribs, raw",Thịt và sản phẩm chế biến,Meat and processed products,187,17.9,12.8,0.0,,,68.2,1.1,7.4,0.61,60,200,3.6,14,160,0.1,0.01,6.9,,,,0.96,0.23,5.2,0.6,0.26,2,2
7054,Tai heo (lợn),"Pork, ears, raw",Thịt và sản phẩm chế biến,Meat and processed products,126,21,4.1,1.3,,,72.9,0.7,21,2.4,191,55,0.19,7,41,0.01,0.12,4.3,,,,0.08,0.11,0.78,0.07,0.02,,
7055,Tim bò,"Beef, heart, raw",Thịt và sản phẩm chế biến,Meat and processed products,89,15,3,0.6,,,80.4,1,5,5.4,98,287,1.7,21,185,0.4,0.04,21.8,7,6,6,0.31,0.49,6.8,1.79,0.28,3,3
7056,Tim gà,"Chicken, heart, raw",Thịt và sản phẩm chế biến,Meat and processed products,114,16,5.5,0.0,,,77.5,1,12,5.96,74,176,6.59,15,177,0.35,0.09,4.3,3.2,9,9,0.15,0.73,4.88,2.56,0.36,72,72
7057,Tim lợn,"Pork, heart, raw",Thịt và sản phẩm chế biến,Meat and processed products,94,15.1,3.2,1.2,,,79.5,1,7,5.9,56,294,2.8,19,213,0.41,0.06,10.4,1,8,8,0.34,0.49,5.7,2.52,0.39,4,4
7058,Tiết bò,"Beef, blood, raw",Thịt và sản phẩm chế biến,Meat and processed products,75,18,0.2,0.4,,,80.4,1,8,52.6,,,,,31,,,,,30,30,0.09,0.03,0.6,,,,
7060,Tiết lợn,"Pork, blood, raw",Thịt và sản phẩm chế biến,Meat and processed products,25,5.7,0.1,0.2,,,91.9,2.1,7,20.4,,,,,7,,,,,25.83,25.83,,0.1,0.6,,,,
7061,Tủy xương bò,"Beef, bone marrow, raw",Thịt và sản phẩm chế biến,Meat and processed products,814,1.1,89.9,0.0,,,8.7,0.3,89,,,,,,,,,,,,,,0.01,0.1,,,,
7062,Tủy xương lợn,"Pork, bone marrow, raw",Thịt và sản phẩm chế biến,Meat and processed products,749,2.3,82.2,0.0,,,15,0.5,,,,,,,,,,,,,,,,,,,,
7063,Ba tê lợn,"Pate, from pork",Thịt và sản phẩm chế biến,Meat and processed products,326,10.8,24.6,15.4,,,47.5,1.7,25.7,4.2,95,166,,100,88,,,,,,1128,,,,,,,
7064,Chả lợn,"Pork, minced meat with spices, fried",Thịt và sản phẩm chế biến,Meat and processed products,517,10.8,50.4,5.1,,,32.6,1.1,20,1.8,339,407,4.6,192,100,,,,,,,1,0.31,6,,0.56,,
7065,Chả quế lợn,"Pork, minced meat with spices and cinnamon, fried",Thịt và sản phẩm chế biến,Meat and processed products,416,16.2,39,0.0,,,42.5,2.3,16.4,2.1,,,,,44.8,,,,,,,,,,,,,
7066,Dăm bông lợn,"Pork, ham",Thịt và sản phẩm chế biến,Meat and processed products,318,23,25,0.3,,,48.7,3,10,2.1,,,,,110,,,,,,,0.4,0.19,3.8,,,,
7067,Dồi lợn,"Pork, mix blood and viscera and spices in large intestine, boiled",Thịt và sản phẩm chế biến,Meat and processed products,114,12.4,7.1,0.0,,,78.9,1.6,28,,,,,,23,,,,,,,,,,,,,
7068,Giò bò,"Beef, minced lean meat and spices, steamed",Thịt và sản phẩm chế biến,Meat and processed products,335,18.2,29,0.0,,,50.3,3.9,17.8,3.2,,,,,12.2,,,,,,,,,,,,,
7069,Giò lụa,"Pork, minced lean meat and spices, steamed",Thịt và sản phẩm chế biến,Meat and processed products,205,16.9,15,1.8,,,65.3,1,,,,,,,,,,,,,,,,,,,,
7070,Giò thủ lợn,"Pork, head meat with spices, steamed",Thịt và sản phẩm chế biến,Meat and processed products,553,16,54.3,0.0,,,29,0.7,,,,,,,,,,,,,,,,,,,,
7071,"Lạp xường, lạp sườn",Chinese sausage,Thịt và sản phẩm chế biến,Meat and processed products,585,20.8,55,1.7,,,18.8,3.7,52,3,,,,,175,,,,,,,0.46,0.24,4.7,,,,
7072,Nem chạo,"Pork, skin and meat with spices, rolled with rice paper",Thịt và sản phẩm chế biến,Meat and processed products,116,12.1,1.6,12.9,,,71.5,1.9,23.8,1.6,70,38,,65,,,,,,,,,,,,,,
7073,Nem chua,"Pork, lean meat, minced with spices, fermented",Thịt và sản phẩm chế biến,Meat and processed products,125,20.7,3.3,3.2,,,70.5,2.3,24,,476,194,,86,78,,,,,,,,,,,,,
7074,Ruốc thịt lợn,"Pork, lean meat, shredded, fried with salt",Thịt và sản phẩm chế biến,Meat and processed products,369,46.6,20.3,0.0,,,25.8,7.3,28.5,0.3,1472,371,,64,15.5,,,,,,,,,,,,,
7075,Thịt bò khô,"Beef, lean meat, dried with spices",Thịt và sản phẩm chế biến,Meat and processed products,239,51,1.6,5.2,,,32.4,9.8,31,8.1,312,135,,80,476,,,,,,,0.13,0.19,30.3,,,,
7076,Thịt trâu khô,"Buffalo, meat, dried with spices",Thịt và sản phẩm chế biến,Meat and processed products,226,50.4,2.7,0.0,,,36.4,10.5,,,,,,,,,,,,,,,,,,,,
7077,Xúc xích,"Pork, sausage",Thịt và sản phẩm chế biến,Meat and processed products,535,27.2,47.4,0.0,,,17,8.4,7,1.9,287,219,,77,139,,,,,,,0.34,,,,,,
7078,Bột cóc,"Toad, meat and small bones, powded",Thịt và sản phẩm chế biến,Meat and processed products,342,55.4,13.4,0.0,,,7.2,24,,7.7,,,,,,,,,,,,0.7,1.3,6.1,,0.6,77,77
7079,Châu chấu,"Locust, raw",Thịt và sản phẩm chế biến,Meat and processed products,130,24.3,3.6,0.0,,,71.1,1,210,0.4,,,,,270,,,,,,,,,,,,,
7080,Ếch (thịt đùi),"Frog, leg meat, raw",Thịt và sản phẩm chế biến,Meat and processed products,90,20,1.1,0.0,,,75,3.9,18,1.5,58,285,1,20,147,0.25,,14.1,,15,15,0.14,0.25,1.2,,0.12,15,15
7081,Nhộng,"Silk worm, raw",Thịt và sản phẩm chế biến,Meat and processed products,111,13,6.5,0.0,,,79.7,0.8,40,,,,,,109,,,,,,,,,,,,,
7082,Lòng gà (cả bộ),"Chicken, whole giblets, raw",Thịt và sản phẩm chế biến,Meat and processed products,119,17.88,4.47,1.79,,,74.87,0.99,10,5.86,77,228,3.32,18,197,0.24,0.15,55.2,16.2,2657,2657,0.09,0.99,0.66,3.21,0.42,345,345
7083,Thịt nạc vai heo (lợn),"Pork, lean meat, shoulder, raw",Thịt và sản phẩm chế biến,Meat and processed products,149,20.83,7.29,0.0,,,70.67,1.24,23.7,0.67,,,2.38,,432.1,,,,,1.1,1.1,0.61,0,,,,,
7084,Thịt nạc mông heo (lợn),"Pork, lean meat, thighs, raw",Thịt và sản phẩm chế biến,Meat and processed products,141,24.68,4.72,0.0,,,69.28,1.42,42.1,0.66,,,2.33,,363.4,,,,,1.2,1.2,,0,,,,,
7085,Thịt nạc thăn heo (lợn),"Pork, lean meat, tenderloin, raw",Thịt và sản phẩm chế biến,Meat and processed products,118,23,2.9,0.04,,,72.9,1.16,38.2,0.72,,,1.8,,407.7,,,,,,,0.42,0,,,,,
7087,Cánh gà,"Chicken, wing, raw",Thịt và sản phẩm chế biến,Meat and processed products,188,19.09,12.43,0.0,,,67.51,0.98,19.3,1.07,,,0.94,,288.2,,,,,6.9,6.9,,0,,,,,
7088,Đùi gà,"Chicken, thighs, raw",Thịt và sản phẩm chế biến,Meat and processed products,137,18,6.8,0.89,,,73.2,1.11,18,0.75,,,1.63,,316.4,,,,,10,10,,0.02,,,,,
7089,Lườn gà (ức gà),"Chicken, breast, raw",Thịt và sản phẩm chế biến,Meat and processed products,134,22.86,4.68,0.0,,,71.2,1.27,23.3,0.69,,,1,,347.9,,,,,9.1,9.1,,0,,,,,
7090,Thịt ngan,"Goose, average meat, raw",Thịt và sản phẩm chế biến,Meat and processed products,288,17.05,24.45,0.0,,,57.6,0.92,37.4,2.83,,,1.4,,388.7,,,,,,,1.73,0.02,,,,,
7091,"Chả lá lốt, rán","Pork, meat with spices,  rolled with lolot pepper leaves, fried",Thịt và sản phẩm chế biến,Meat and processed products,306,20,24.8,2.3,,,52.9,,,,,,,,,,,,,,,1.1,0.07,,,,,
7094,Thịt bắp bò,,Thịt và sản phẩm chế biến,Meat and processed products,122,21.75,3.85,0.0,,,73.03,1.44,20,2.32,63,387,6.94,14,204,0.07,0.01,17.7,,,,0.1,0.22,5.74,0.35,0.47,,8
7096,Nầm bò,Beef stew,Thịt và sản phẩm chế biến,Meat and processed products,160,14.0,11.5,0.0,,,,,,,,,,,,,,,,,,,,,,,,
7112,"Thịt lợn, mông",,Thịt và sản phẩm chế biến,Meat and processed products,131,20.48,5.41,0.0,,,72.9,1.05,6,1.01,55,369,2.27,25,229,0.08,0.03,35.4,,2,2,0.88,0.23,5.34,0.81,0.5,9,9
7118002,"Mọc, từ thịt lợn, nấu canh",Pork mince lean and fat meat ball shaped boiled,Thịt và sản phẩm chế biến,Meat and processed products,286,14.4,22.2,8.06,,,53.7,,,,,,,,,,,,,,,,,,,,,
7120,Xương cục,Bone lump,Thịt và sản phẩm chế biến,Meat and processed products,180,16.0,13.0,0.0,,,,,,,,,,,,,,,,,,,,,,,,
7132,Nước hầm xương lợn,Pork bone broth,Thịt và sản phẩm chế biến,Meat and processed products,15,1.5,1.0,0.0,,,,,,,,,,,,,,,,,,,,,,,,
7140,Nước canh,Soup,Thịt và sản phẩm chế biến,Meat and processed products,10,0.8,0.5,0.5,,,,,,,,,,,,,,,,,,,,,,,,
7141,Nước dùng,Broth,Thịt và sản phẩm chế biến,Meat and processed products,12,1.2,0.8,0.0,,,,,,,,,,,,,,,,,,,,,,,,
7142,Thịt xá xíu,,Thịt và sản phẩm chế biến,Meat and processed products,189,26.37,9.23,0.0,,,62.84,,30,0.85,,,3.01,,,,,,,1.39,1.39,,,,,,,
7143,Xúc xích bò,,Thịt và sản phẩm chế biến,Meat and processed products,178,10.2,8.83,13.5,,,,,,,,,,,,,,,,,,,,,,,,
7144,Tiết gà,,Thịt và sản phẩm chế biến,Meat and processed products,25,5.7,0.1,0.2,,,91.9,2.1,7,20.4,,,,,7,,,,,25.83,25.83,,0.1,0.6,,,,
7145,Tiết dê,,Thịt và sản phẩm chế biến,Meat and processed products,25,5.7,0.1,0.2,,,91.9,2.1,7,20.4,,,,,7,,,,,25.83,25.83,,0.1,0.6,,,,
8001,Cá bống,"Fish, goby, raw",Thủy sản và sản phẩm chế biến,Seafood and processed products,70,15.8,0.8,0.0,,,81.9,1.5,51,0.9,,,,,181,,,,,,,0.02,0.04,3.2,,,,
8002,Cá chày,"Fish, barbel chub, raw",Thủy sản và sản phẩm chế biến,Seafood and processed products,113,20.1,3.6,0.0,,,75.1,1.2,62.8,0.2,,,,,176,,,,,,,,,,,,,
8003,Cá chép,"Fish, carp, raw",Thủy sản và sản phẩm chế biến,Seafood and processed products,96,16,3.6,0.0,,,79.1,1.3,17,0.9,49,397,1.48,30,184,0.06,0.04,12.6,,181,8,0.02,0.04,1.5,0.75,0.17,13,13
8004,Cá dưa,"Fissh, daggertooth pike conger, raw",Thủy sản và sản phẩm chế biến,Seafood and processed products,115,17.6,5,0.0,,,75.6,1.8,64,,,,,,70,,,,,,,,,,,,,
8005,Cá dầu,,Thủy sản và sản phẩm chế biến,Seafood and processed products,96,18.9,2.3,0.0,,,75.1,3.7,527,,,,,,885,,,,,,,,,,,,,
8006,Cá diếc,"Fissh, mullet, raw",Thủy sản và sản phẩm chế biến,Seafood and processed products,87,17.7,1.8,0.0,,,78.9,1.6,70,0.8,35,271,,53,152,,,,,120,120,,,,,,,
8007,Cá đao,"Fish, sawfish, raw",Thủy sản và sản phẩm chế biến,Seafood and processed products,94,18.3,2.3,0.0,,,78.3,1.1,36,,,,,,50,,,,,,,,,,,,,
8008,Cá đé,"Fish, chinese herring or slender shad, raw",Thủy sản và sản phẩm chế biến,Seafood and processed products,83,18.7,0.9,0.0,,,78.8,1.6,80,,,,,,130,,,,,,,,,,,,,
8009,Cá đối,"Fish, flathead grey mullet, raw",Thủy sản và sản phẩm chế biến,Seafood and processed products,108,19.5,3.3,0.0,,,76,1.2,21,1,65,357,0.52,29,224,0.05,0.02,36.5,,45,45,0.07,0.15,4.6,0.76,0.43,9,9
8010,Cá đồng tiền,"Fish, goby, raw",Thủy sản và sản phẩm chế biến,Seafood and processed products,98,20.1,2,0.0,,,76.4,1.5,90,,,,,,100,,,,,,,,,,,,,
8011,Cá hồi,"Fish, salmon, raw",Thủy sản và sản phẩm chế biến,Seafood and processed products,136,22,5.3,0.0,,,71.3,1.4,13,1.1,46,423,0.41,31,230,0.05,0.01,36.5,,30,30,0.22,0.07,7,0.82,0.55,9,9
8012,"Cá khô (chim, thu, nụ, đé)","Fish, mix variety, dried",Thủy sản và sản phẩm chế biến,Seafood and processed products,208,43.3,3.9,0.0,,,37.8,15,120,0.9,,,,,95,,,,,,,0.08,0.31,4.6,,,,
8013,Cá thát lát,,Thủy sản và sản phẩm chế biến,Seafood and processed products,71,16.7,0.5,0.0,,,78.1,4.7,80,,,,,,210,,,,,,,,,,,,,
8013008,"Cá lác, chiên giòn","Seafish, Thac lac fish, shallow fried",Thủy sản và sản phẩm chế biến,Seafood and processed products,94,21.97,0.66,0.0,,,71.18,6.18,105.26,,,,,,276.32,,,,,,,,,,,,,
8014,Cá mè,"Fish, silver carp, raw",Thủy sản và sản phẩm chế biến,Seafood and processed products,144,15.4,9.1,0.0,,,74.7,0.8,52,,31,319,,39,215,,,,,,,,,,,,,
8015,Cá mòi (cá sardin),"Fish, sardin, raw",Thủy sản và sản phẩm chế biến,Seafood and processed products,124,17.5,6,0.0,,,75.3,1.2,80,3,100,,,24,240,0.17,,58,,20,20,0.02,0.15,10.07,,0.96,,
8016,Cá mỡ,,Thủy sản và sản phẩm chế biến,Seafood and processed products,151,16.8,9.3,0.0,,,72.7,1.2,42,1.4,,,,,173,,,,,30,,0.08,0.21,2.7,,,,
8017,Cá mối,"Fish, lizardfish, raw",Thủy sản và sản phẩm chế biến,Seafood and processed products,116,22.1,3.1,0.0,,,73.3,1.5,60,,,,,,102,,,,,,,,,,,,,
8018,Cá nạc,,Thủy sản và sản phẩm chế biến,Seafood and processed products,80,17.5,1.1,0.0,,,80,1.4,42,1.4,,,,,173,,,,,,,0.06,0.08,2.2,,,,
8019,Cá ngừ,"Fish, tuna, raw",Thủy sản và sản phẩm chế biến,Seafood and processed products,87,21,0.3,0.0,,,77.5,1.2,44,1,78,518,0.52,50,206,0.06,0.01,36.5,1,5,5,0.02,0.08,4,0.75,0.9,2,2
8020,Cá nục,"Fish, anchovy, raw",Thủy sản và sản phẩm chế biến,Seafood and processed products,111,20.2,3.3,0.0,,,74.9,1.6,85,3.25,104,383,1.72,41,160,0.21,0.07,36.5,,15,15,0.06,0.26,14.02,0.65,0.14,9,9
8021,Cá phèn,"Fish, goatfishes, raw",Thủy sản và sản phẩm chế biến,Seafood and processed products,104,15.9,4.5,0.0,,,78.2,1.4,40,,,,,,50,,,,,,,,,,,,,
8022,Cá quả,"Fish, snakehead fish, raw",Thủy sản và sản phẩm chế biến,Seafood and processed products,97,18.2,2.7,0.0,,,78,1.1,90,,,,,,240,,,,,,,0.04,0.12,2.3,,,,
8023,Cá rô đồng,"Fish, climbing perch, raw",Thủy sản và sản phẩm chế biến,Seafood and processed products,126,19.1,5.5,0.0,,,74.2,1.2,26.4,0.25,,,,,151.2,,,,,,,,,,,,,
8024,Cá rô phi,"Fish, tilapia, raw",Thủy sản và sản phẩm chế biến,Seafood and processed products,100,19.7,2.3,0.0,,,76.8,1.2,49.7,0.53,,,,,147.5,,,,,,,,,,,,,
8024008,"Cá rô phi, chiên giòn",,Thủy sản và sản phẩm chế biến,Seafood and processed products,131,25.92,3.03,0.0,,,69.47,1.58,65.39,0.7,,,,,194.08,,,,,,,,,,,,,
8025,Cá thờn bơn,"Fish, flatfishes, raw",Thủy sản và sản phẩm chế biến,Seafood and processed products,73,17.4,0.4,0.0,,,81.3,0.9,36,,,,,,45,,,,,,,,,,,,,
8026,Cá thu,"Fish, mackerel, kingfish, raw",Thủy sản và sản phẩm chế biến,Seafood and processed products,166,18.2,10.3,0.0,,,70.2,1.3,50,1.3,110,486,,35,90,0.2,,,,10,10,0.07,0.17,6.6,,,,
8027,Cá thu đao,"Fish, pacific saury, raw",Thủy sản và sản phẩm chế biến,Seafood and processed products,156,20,8.4,0.0,,,70.3,1.3,22,3,86,406,0.67,28,190,0.09,0.02,36.5,,35,35,0.05,0.1,6,0.32,0.33,2,2
8028,Cá trạch,"Fish, spiny eels, raw",Thủy sản và sản phẩm chế biến,Seafood and processed products,110,20.4,3.2,0.0,,,74.2,2.2,108.9,0.2,,,,,230.5,,,,,,,,,,,,,
8029,Cá trắm cỏ,"Fish, grass carp, raw",Thủy sản và sản phẩm chế biến,Seafood and processed products,91,17,2.6,0.0,,,79.4,1,56.6,0.1,26,305,,34,145,,,,,,,,,,,,,
8030,Cá trê,"Fish, catfish, raw",Thủy sản và sản phẩm chế biến,Seafood and processed products,173,16.5,11.9,0.0,,,70.4,1.2,20,1,53,299,0.74,23,210,0.1,0.02,12.6,,93.33,,0.1,0.04,1.4,0.6,0.19,10,10
8031,Cá trích,"Fish, herring, raw",Thủy sản và sản phẩm chế biến,Seafood and processed products,166,17.7,10.6,0.0,,,70.5,1.2,64,2.8,160,423,0.53,32,174,0.3,0.02,36.5,,20,20,0.02,0.18,5,1,0.45,5,5
8032,Cá trôi,"Fish, mrigal carp, raw",Thủy sản và sản phẩm chế biến,Seafood and processed products,127,18.8,5.7,0.0,,,74.3,1.2,76.2,1.24,14,314,,35,184.5,,,,,,,,,,,,,
8033,Cua bể,"Crab, sea water, raw",Thủy sản và sản phẩm chế biến,Seafood and processed products,103,17.5,0.6,7,,,72.2,2.7,141,3.8,316,322,1.4,48,191,,,,,35.8,35.8,0.03,0.71,2.7,,,,
8034,Cua đồng,"Crab, fresh water, raw",Thủy sản và sản phẩm chế biến,Seafood and processed products,87,12.3,3.3,2,,,74.4,8,826,1.4,1484,27,,154,171,,,,,210,2,0.01,0.05,2.1,,,,
8035,Cua ghẹ,"Crab, flower crab, blue crab, or sand crab, raw",Thủy sản và sản phẩm chế biến,Seafood and processed products,54,11.9,0.7,0.0,,,85.5,1.9,89,0.74,293,329,3.54,34,229,0.67,0.15,37.4,,2,2,0.03,0.71,2.7,0.35,0.15,44,44
8036,Hải sâm,"Sea slug, sea cucumber, raw",Thủy sản và sản phẩm chế biến,Seafood and processed products,90,21.5,0.3,0.2,,,76.9,1.1,118,1.4,,,,,22,,,,,101.67,101.67,0.01,0.02,0.1,,,,
8037,Hến,"Clam, raw",Thủy sản và sản phẩm chế biến,Seafood and processed products,45,4.5,0.7,5.1,,,88.8,0.9,144,1.6,86,54,,91,86,,,,,,,,0.12,2.3,,,,
8038,Lươn,"Fish, eel, mixed species, raw",Thủy sản và sản phẩm chế biến,Seafood and processed products,130,18.4,1.5,10.7,,,68.3,1.1,35,1,51,272,1.62,20,164,0.02,0.04,6.5,,1800,1800,0.15,0.31,3.8,0.24,0.07,15,15
8039,Mực khô,"Squid, dried, raw",Thủy sản và sản phẩm chế biến,Seafood and processed products,291,60.1,4.5,2.5,,,26.2,6.7,27,5.6,445,1368,,269,287,,,,,,,0.13,0.17,6.8,,,,
8040,Mực,"Squid, fresh, raw",Thủy sản và sản phẩm chế biến,Seafood and processed products,73,16.3,0.9,0.0,,,81.4,1.4,14,0.6,44,273,0.7,33,150,1.89,0.04,44.8,4.7,10,10,0.01,0.06,1,0.5,0.06,5,5
8041,Ốc bươu,"Snail, medium - size, raw",Thủy sản và sản phẩm chế biến,Seafood and processed products,84,11.1,0.7,8.3,,,76.8,3.1,1310,,,,,,64,,,,,,,,,,,,,
8042,Ốc đá,"Snail, marble snail, Chinese mysterysnail, raw",Thủy sản và sản phẩm chế biến,Seafood and processed products,63,11.2,0.3,3.9,,,80.3,4.3,1660,,,,,,83,,,,,,,,,,,,,
8043,Ốc nhồi,"Snail, large size, raw",Thủy sản và sản phẩm chế biến,Seafood and processed products,84,11.9,0.7,7.6,,,77.6,2.2,11,,,,1.1,,191,,,,,,,0.05,0.17,2.2,,,,
8044,"Ốc vặn, raw","Snail, helix, raw",Thủy sản và sản phẩm chế biến,Seafood and processed products,72,12.2,0.7,4.3,,,79.1,3.7,10,,,,1,,51,,,,,,,,,,,,,
8045,"Rạm, muối, đồ","Crab, sea water, small size, steamed",Thủy sản và sản phẩm chế biến,Seafood and processed products,83,14.2,2.9,0.0,,,64.4,18.5,4820,,,,,,330,,,,,,,,,,,,,
8046,Rạm,"Crab, sea water, small size, raw",Thủy sản và sản phẩm chế biến,Seafood and processed products,77,12.9,2.8,0.0,,,78.2,6.1,3520,,,,,,180,,,,,,,,,,,,,
8047,Rươi,"Tylorhynchus sinensis, raw",Thủy sản và sản phẩm chế biến,Seafood and processed products,89,12.4,4.4,0.0,,,81.9,1.3,66,1.8,,,,,57,,,,,,,,,,,,,
8048,Sò,"Oyster, raw",Thủy sản và sản phẩm chế biến,Seafood and processed products,51,8.8,0.4,3,,,83.8,4,37,1.9,380,223,13.4,42,82,1.58,0.6,77,,52.5,52.5,0.03,0.15,1.7,0.5,0.05,10,10
8049,Tép gạo,"Shrimp, fresh water, tiny, raw",Thủy sản và sản phẩm chế biến,Seafood and processed products,58,11.7,1.2,0.0,,,84.5,2.6,910,,,,,,218,,,,,,,,,,,,,
8050,Tép khô,"Shrimp, fresh water, tiny, dried",Thủy sản và sản phẩm chế biến,Seafood and processed products,269,59.8,3,0.7,,,23,13.5,2000,5.5,,,,,605,,,,,,,0.03,0.07,2.5,,,,
8051,Tôm biển,"Shrimp, sea water, raw",Thủy sản và sản phẩm chế biến,Seafood and processed products,82,17.6,0.9,0.9,,,79.2,1.4,79,1.6,148,185,1.11,37,184,0.26,0.05,38,,20,20.42,0.04,0.08,2.3,0.28,0.1,3,3
8052,Tôm đồng,"Shrimp, fresh water, raw",Thủy sản và sản phẩm chế biến,Seafood and processed products,90,18.4,1.8,0.0,,,76.9,2.9,73,2.2,418,316,,42,150,,,58.8,,15,15,0.02,0.03,3.2,,,,
8053,Tôm biển khô,"Shrimp, sea water, dried",Thủy sản và sản phẩm chế biến,Seafood and processed products,347,75.6,3.8,2.5,,,12.6,5.5,236,4.6,,,,,995,,,,,,,0.16,0.34,9.5,,,,
8054,"Trai, nước ngọt","Mussel, fresh water, raw",Thủy sản và sản phẩm chế biến,Seafood and processed products,38,4.6,1.1,2.5,,,89.9,1.9,668,1.5,56,314,1.37,9,107,0.34,0.5,24.3,,90,90,0.02,0.46,3.1,0.36,0.06,16,16
8055,"Bánh phồng tôm, rán","Chips,  shrimp flavour, fried with oil",Thủy sản và sản phẩm chế biến,Seafood and processed products,676,1.6,59.2,34.1,,,3.8,1.3,175,,,,,,30,,,,,,,,,,,,,
8056,Bánh phồng tôm,"Chíp, shrimp flavour, raw",Thủy sản và sản phẩm chế biến,Seafood and processed products,381,3.4,7.4,75.3,,,12,1.9,258,,418,195,,138,50,,,,,,,,,,,,,
8057,Bột cá,"Fish flour, bones included, raw",Thủy sản và sản phẩm chế biến,Seafood and processed products,323,71.2,2.9,3,,,11.6,11.3,505,50,,,,,207,,,,,,,0.03,0.38,,,,,
8058,Ruốc cá quả,"Fish, snake head fish, dried flour with fish sauce",Thủy sản và sản phẩm chế biến,Seafood and processed products,312,65.7,4.1,3,,,14,13.2,26,,,,,,654,,,,,,,,,,,,,
8059,Ruốc tôm,Shrimp dried flour with fish sauce,Thủy sản và sản phẩm chế biến,Seafood and processed products,305,65.5,3.1,3.7,,,13.1,14.6,330,6.7,,,4.6,,,,,,,,,0.17,0.33,9.6,,0.44,12.5,12.5
8060,Cá chim,Black pomfret,Thủy sản và sản phẩm chế biến,Seafood and processed products,143,17.7,6.4,3.6,,,71.2,1.1,74.7,1.03,,,0.81,,469.4,,,,,2.3,2.3,,0.01,,,,,
8061,Cá chim trắng,Silver or white pomfret,Thủy sản và sản phẩm chế biến,Seafood and processed products,247,15.1,19.2,3.42,,,61.5,0.78,91.3,1.05,,,1.05,,363.3,,,,,19.8,19.8,1.79,0.24,,,,,
8062,Cá điêu hồng,Red tilapia,Thủy sản và sản phẩm chế biến,Seafood and processed products,111,17.1,3.3,3.11,,,75.2,1.29,101.1,0.96,,,0.7,,368.3,,,,,3.3,3.3,0.06,0.01,,,,,
8063,"Cá basa, phi lê","Basafish, Catfish, fillet",Thủy sản và sản phẩm chế biến,Seafood and processed products,67,9.7,0.8,5.32,,,82.9,1.28,34.2,0.2,,,0.26,,372.1,,,,,1.7,1.7,0.19,0,,,,,
8064,Chả cá basa,"Basafish, fishball",Thủy sản và sản phẩm chế biến,Seafood and processed products,186,11.1,13,6.12,,,67.8,1.98,75.7,0.6,,,0.44,,506.8,,,,,0.3,0.3,0.08,0,,,,,
8064008,"Chả cá basa, rán",,Thủy sản và sản phẩm chế biến,Seafood and processed products,186,11.1,13,6.12,,,67.8,1.98,75.7,0.6,,,0.44,,506.8,,,,,,0.3,0.06,0,,,,,
8065,Con trùng trục,"Mussel, fresh water",Thủy sản và sản phẩm chế biến,Seafood and processed products,108,14.4,1.3,9.65,,,72.7,1.95,749.4,81.57,,,7.03,,559.7,,,,,,,,0.07,,,,,
8066,Ngao (nghêu),Sea water clams,Thủy sản và sản phẩm chế biến,Seafood and processed products,42,5.37,0.44,4.03,,,87.52,2.64,116.97,,,,,,,,,,,,,,,,,,12.8,12.8
8069,Thịt cua,,Thủy sản và sản phẩm chế biến,Seafood and processed products,103,17.5,0.6,7,,,72.2,2.7,141,3.8,316,322,1.4,48,191,,,,,35.8,35.8,0.03,0.71,2.7,,,,
8092,Cá basa,,Thủy sản và sản phẩm chế biến,Seafood and processed products,119,15.2,5.94,0.0,,,79.1,1.05,8,0.23,98,302,0.48,19,204,0.03,0.02,8.2,,,,0.02,0.08,2.1,0.67,0.15,10,10
8093,Tôm tít (bề bề),,Thủy sản và sản phẩm chế biến,Seafood and processed products,82,17.6,0.9,0.9,,,79.2,1.4,79,1.6,148,185,1.11,37,184,0.26,0.05,38,,20,20.42,0.04,0.08,2.3,0.28,0.1,3,3
8094,Tu hài,,Thủy sản và sản phẩm chế biến,Seafood and processed products,42,5.37,0.44,4.03,,,87.52,2.64,116.97,,,,,,,,,,,,,,,,,,12.8,12.8
9001,Trứng gà,"Hen egg (Raw, whole)",Trứng và sản phẩm chế biến,Eggs and processed products,150,12.96,10.33,1.25,,0.77,74.5,0.96,55,2.7,158,176,0.9,11,210,0.06,0.04,31.7,,165.98,165.98,0.09,0.31,0.2,1.44,0.14,14.35,14.35
9002,Lòng đỏ trứng gà,"Hen egg, yolk",Trứng và sản phẩm chế biến,Eggs and processed products,327,13.6,29.8,1,,0.56,54,1.6,134,7,108,169,3.7,14,532,0.13,0.06,18.3,,960,970.29,0.32,0.52,0.03,2.99,0.35,146,146
9003,Lòng trắng trứng gà,"Hen egg, white",Trứng và sản phẩm chế biến,Eggs and processed products,46,10.3,0.1,1,,0.71,88,0.6,19,0.3,215,172,0.2,7,16,0.03,0.01,6.8,,,,0.01,0.26,0.07,0.19,0.01,4,4
9004,Trứng vịt,Duck egg,Trứng và sản phẩm chế biến,Eggs and processed products,172,13.02,12.02,2.94,,0.93,70.85,1.17,71,3.2,191,258,0.8,17,210,0.06,0.04,36.4,,230.74,232.41,0.2,0.2,0.1,1.86,0.25,16.75,16.75
9005,Lòng đỏ trứng vịt,"Duck egg, yolk",Trứng và sản phẩm chế biến,Eggs and processed products,364,13.6,32.3,4.8,,,47.5,1.8,146,5.6,,,,,328,,,,,1625,1682.92,0.54,0.94,0.2,,,,
9006,Lòng trắng trứng vịt,"Duck egg, white",Trứng và sản phẩm chế biến,Eggs and processed products,47,10.7,0.1,0.8,,,87.8,0.6,6,,,,,,8,,,,,,,,0.2,0.2,,,,
9007,Trứng cút,Quail egg,Trứng và sản phẩm chế biến,Eggs and processed products,157,12.78,10.47,2.89,,0.41,72.67,1.19,59.83,3.65,141,132,1.47,13,226,0.06,0.04,32,,299.2,300.53,0.13,0.79,0.15,1.76,0.15,105.7,105.7
9008,Trứng cá,Fish roe,Trứng và sản phẩm chế biến,Eggs and processed products,171,20.5,9.9,0.0,,,64.9,4.7,28,1.1,,,,,230,,,,24,,,0.93,0.65,1.5,,,,
9009,Trứng cá muối,"Fish caviar, black and red, granule",Trứng và sản phẩm chế biến,Eggs and processed products,274,24.6,17.9,3.5,,,47.5,6.5,275,11.88,1500,181,0.95,300,356,0.11,0.05,65.5,,561,561,0.19,0.62,0.12,3.5,0.32,50,50
9010,Trứng vịt lộn,Duck embryonated egg,Trứng và sản phẩm chế biến,Eggs and processed products,182,13.6,12.4,4,,,67,3,81,3,94,131,,15,212,,,,3,875,911.25,0.12,0.25,0.8,,,,
9011,Bột trứng,Egg powder,Trứng và sản phẩm chế biến,Eggs and processed products,563,44,42.2,1.8,,,8.5,3.5,186,9.3,,,,,786,,,,,1340,1404.17,0.35,1.23,0.2,,,,
9012,Trứng gà công nghiệp,,Trứng và sản phẩm chế biến,Eggs and processed products,132,12.79,8.17,1.89,,,76.23,0.92,,,,,,,,,,,,166.4,166.4,0.09,0.18,,,,16.6,16.6
20001,Giò sống (mọc heo sống),Raw seasoned pork paste,Thịt và sản phẩm chế biến,Meat and processed products,225,14.5,18.0,1.5,0.0,0.5,64.0,2.0,15,1.2,680,250,2.1,18,160,0.1,0.05,16.5,0.0,5.0,5.0,0.45,0.18,3.8,0.6,0.35,5.0,5.0
20002,Nước lọc (nước dùng nấu),Drinking water,Nước giải khát,Soft drinks,0,0.0,0.0,0.0,0.0,0.0,99.9,0.1,3,0.0,5,1,0.0,1,0,0.0,0.0,0.1,0.0,0.0,0.0,0.0,0.0,0.0,0.0,0.0,0.0,0.0
20003,Lá dứa (lá nếp),Pandan leaves,"Rau, quả, củ dùng làm rau","Vegetables, fruits, tubers used as vegetables",22,1.3,0.4,3.2,2.5,0.5,92.0,0.6,40,0.8,12,180,0.3,22,25,0.1,0.2,0.5,5.0,0.0,15.0,0.04,0.05,0.6,0.1,0.08,18.0,18.0
20004,Nấm bào ngư (nấm sò),"Oyster mushroom, fresh","Rau, quả, củ dùng làm rau","Vegetables, fruits, tubers used as vegetables",33,3.3,0.4,6.1,2.3,1.1,89.2,1.0,3,1.3,18,420,0.8,18,120,0.24,0.11,2.6,0.0,0.0,2.0,0.125,0.35,4.96,1.29,0.11,38.0,38.0
20005,Nấm đông cô tươi (shiitake tươi),"Shiitake mushroom, fresh","Rau, quả, củ dùng làm rau","Vegetables, fruits, tubers used as vegetables",34,2.2,0.5,6.8,2.5,2.4,90.0,0.5,2,0.4,9,304,1.0,20,112,0.52,0.23,5.7,0.0,0.0,0.0,0.015,0.217,3.88,1.5,0.293,21.0,21.0
20006,Nấm kim châm,Enoki mushroom,"Rau, quả, củ dùng làm rau","Vegetables, fruits, tubers used as vegetables",37,2.7,0.3,7.8,2.7,0.2,88.3,0.9,0,1.2,3,359,0.7,16,105,0.11,0.07,2.2,0.0,0.0,0.0,0.225,0.2,7.03,1.35,0.1,48.0,48.0
20007,Nấm đùi gà,King oyster mushroom,"Rau, quả, củ dùng làm rau","Vegetables, fruits, tubers used as vegetables",35,3.0,0.4,6.5,2.5,1.5,89.0,1.1,5,0.9,14,380,0.8,20,115,0.2,0.1,3.0,0.0,0.0,0.0,0.1,0.25,4.5,1.2,0.15,35.0,35.0
20008,Bột bắp (tinh bột ngô),Cornstarch,Ngũ cốc và sản phẩm chế biến,Cereals and processed products,381,0.3,0.1,91.3,0.9,0.0,8.3,0.1,2,0.5,9,3,0.1,3,13,0.05,0.05,2.8,0.0,0.0,0.0,0.01,0.0,0.0,0.0,0.0,0.0,0.0
20009,Bột quế,Cinnamon powder,"Gia vị, nước chấm","Spices, sauces",247,4.0,1.2,80.6,53.1,2.2,10.6,3.6,1002,8.3,10,431,1.8,60,64,0.34,17.5,3.1,3.8,0.0,15.0,0.022,0.041,1.33,0.36,0.158,6.0,6.0
20010,Hoa hồi (đại hồi),Star anise,"Gia vị, nước chấm","Spices, sauces",337,17.6,15.9,50.0,14.6,0.0,9.5,7.0,646,37.0,16,1441,7.1,170,440,0.9,2.1,5.0,21.0,0.0,16.0,0.34,0.4,3.1,0.8,0.7,20.0,20.0
20011,Bột cà ri,Curry powder,"Gia vị, nước chấm","Spices, sauces",325,12.7,14.0,55.8,33.2,2.8,8.8,8.7,525,29.6,52,1170,4.0,254,367,1.0,5.2,18.0,1.5,0.0,5.0,0.18,0.2,3.5,0.6,0.3,56.0,56.0
20012,Táo đỏ khô (táo tàu khô),"Jujube, dried",Quả chín,Ripe fruit,287,3.7,1.1,73.6,6.0,55.0,19.7,1.9,79,1.8,9,531,0.4,37,100,0.3,0.2,1.2,13.0,0.0,2.0,0.06,0.08,0.9,0.4,0.1,15.0,15.0
20013,Kỷ tử khô (câu kỷ tử),"Goji berries, dried",Quả chín,Ripe fruit,349,14.3,0.4,77.1,13.0,45.6,7.5,0.7,190,6.8,298,1132,2.7,90,184,0.7,1.2,9.5,48.4,0.0,134.0,0.15,1.3,4.3,0.8,0.2,25.0,25.0
20014,Ớt chuông (ớt ngọt xanh/đỏ/vàng),"Bell pepper, fresh","Rau, quả, củ dùng làm rau","Vegetables, fruits, tubers used as vegetables",26,1.0,0.3,6.0,2.1,4.2,92.2,0.5,10,0.4,4,211,0.2,12,26,0.06,0.11,0.3,127.7,0.0,157.0,0.054,0.085,0.98,0.32,0.29,46.0,46.0
20015,Phô mai Mozzarella,Mozzarella cheese,Sữa và sản phẩm chế biến,Milk and processed products,280,22.2,22.4,2.2,0.0,1.0,50.0,3.2,505,0.4,627,76,2.9,20,354,0.03,0.02,17.0,0.0,179.0,179.0,0.03,0.28,0.1,0.14,0.04,7.0,7.0
20016,Phô mai Cheddar (phô mai lát),Cheddar cheese,Sữa và sản phẩm chế biến,Milk and processed products,403,24.9,33.1,1.3,0.0,0.5,37.0,3.7,721,0.7,653,98,3.9,28,512,0.04,0.03,28.5,0.0,335.0,335.0,0.03,0.38,0.1,0.4,0.08,18.0,18.0
20017,Xốt tương đen (hoisin),Hoisin sauce,"Gia vị, nước chấm","Spices, sauces",220,2.2,3.4,45.0,1.5,38.0,45.0,4.4,42,1.5,1450,210,0.4,18,52,0.1,0.15,1.5,0.0,0.0,0.0,0.02,0.03,0.4,0.1,0.05,8.0,8.0
20018,Ớt bột Hàn Quốc (gochugaru),Korean chili flakes,"Gia vị, nước chấm","Spices, sauces",318,12.0,17.3,56.6,27.2,10.3,8.1,6.0,148,7.8,35,2014,2.4,152,293,0.8,1.5,4.5,76.4,0.0,130.0,0.28,0.9,8.7,1.5,2.1,50.0,50.0
20019,Rong biển khô (nori),"Seaweed nori, dried","Rau, quả, củ dùng làm rau","Vegetables, fruits, tubers used as vegetables",300,35.0,2.5,40.0,30.0,0.5,12.0,10.5,300,12.0,1200,2400,3.5,280,500,0.8,2.5,12.0,30.0,0.0,260.0,0.3,1.2,8.0,1.0,0.6,1200.0,1200.0
20020,Bánh tráng cuốn,Rice paper sheets,Ngũ cốc và sản phẩm chế biến,Cereals and processed products,330,1.5,0.2,81.0,0.5,0.0,16.5,0.8,15,0.4,380,35,0.2,8,25,0.05,0.1,1.0,0.0,0.0,0.0,0.02,0.01,0.3,0.1,0.02,4.0,4.0
20021,Đường phèn,Rock sugar,"Đồ ngọt (đường, bánh, mứt, kẹo)","Sweets (sugar, cakes, jams, candies)",383,0.0,0.0,99.0,0.0,99.0,0.9,0.1,2,0.1,2,2,0.0,0,0,0.0,0.0,0.0,0.0,0.0,0.0,0.0,0.0,0.0,0.0,0.0,0.0,0.0
20022,Mật mía / Đường thốt nốt,Molasses / Palm sugar,"Đồ ngọt (đường, bánh, mứt, kẹo)","Sweets (sugar, cakes, jams, candies)",312,0.5,0.1,78.0,0.0,75.0,19.5,1.9,80,3.5,37,400,0.3,30,22,0.1,0.4,1.2,0.0,0.0,0.0,0.02,0.04,0.4,0.1,0.05,0.0,0.0
20023,Me vắt (me chua chín),Tamarind pulp,Quả chín,Ripe fruit,239,2.8,0.6,62.5,5.1,57.4,31.4,2.7,74,2.8,28,628,0.1,92,113,0.15,0.3,1.3,3.5,0.0,2.0,0.43,0.15,1.9,0.14,0.07,14.0,14.0
20024,Khoai lang tím,Purple sweet potato,Khoai củ và sản phẩm chế biến,Tubers and processed products,86,1.6,0.1,20.1,3.0,4.2,77.3,0.9,30,0.6,55,337,0.3,25,47,0.15,0.26,0.6,2.4,0.0,709.0,0.08,0.06,0.56,0.8,0.21,11.0,11.0
20025,Củ đậu (củ sắn nước),"Jicama, fresh","Rau, quả, củ dùng làm rau","Vegetables, fruits, tubers used as vegetables",38,0.7,0.1,8.8,4.9,1.8,90.1,0.3,12,0.6,4,150,0.2,12,18,0.05,0.06,0.3,20.2,0.0,1.0,0.02,0.03,0.2,0.14,0.04,12.0,12.0
20026,Bột nếp chín (bột bánh dẻo),Cooked glutinous rice flour,Ngũ cốc và sản phẩm chế biến,Cereals and processed products,365,8.0,0.8,79.0,0.6,0.0,11.0,0.6,10,0.8,4,95,1.1,20,85,0.1,0.5,3.5,0.0,0.0,0.0,0.08,0.03,1.2,0.4,0.12,6.0,6.0
20027,Nước cốt gà (viên súp gà),Chicken bouillon / broth,"Gia vị, nước chấm","Spices, sauces",15,1.5,0.8,0.5,0.0,0.2,96.0,1.2,8,0.2,850,120,0.2,4,25,0.02,0.01,2.0,0.0,0.0,0.0,0.01,0.02,0.5,0.1,0.03,3.0,3.0
20028,Tiêu xanh (hạt tiêu tươi),Fresh green peppercorns,"Gia vị, nước chấm","Spices, sauces",105,4.2,1.5,20.2,11.2,0.8,62.0,2.1,180,3.5,15,450,0.6,55,70,0.3,2.5,1.5,12.0,0.0,10.0,0.05,0.08,0.6,0.2,0.1,10.0,10.0
20029,Hành tím phi (hành phi vàng giòn),Crispy fried shallots,"Gia vị, nước chấm","Spices, sauces",560,4.5,38.0,50.0,4.5,12.0,3.0,4.5,45,1.8,25,320,0.8,30,80,0.15,0.4,1.8,3.0,0.0,0.0,0.04,0.03,0.5,0.2,0.15,12.0,12.0
20030,Mè rang (vừng chín thơm),Roasted sesame seeds,"Hạt, quả giàu đạm, béo và sản phẩm chế biến","Seeds, fruits rich in protein, fat and processed products",573,17.7,49.7,23.4,11.8,0.3,4.7,4.5,975,14.6,11,468,7.8,351,629,4.08,2.46,34.4,0.0,0.0,0.0,0.79,0.25,4.5,0.05,0.79,97.0,97.0
20031,Sốt lẩu Thái (gia vị lẩu Thái),Thai hotpot soup paste,"Gia vị, nước chấm","Spices, sauces",120,2.0,5.0,16.0,1.5,10.0,70.0,7.0,35,1.2,2800,210,0.4,18,45,0.1,0.2,1.0,8.0,0.0,25.0,0.03,0.04,0.6,0.2,0.1,8.0,8.0
20032,Bột chiên giòn / bột chiên xù,Crispy frying flour,Ngũ cốc và sản phẩm chế biến,Cereals and processed products,355,8.5,1.2,77.5,1.8,1.5,9.8,1.2,25,1.5,450,110,0.6,22,95,0.1,0.3,4.5,0.0,0.0,0.0,0.12,0.05,1.5,0.3,0.1,15.0,15.0
20033,Măng tây,"Asparagus, fresh","Rau, quả, củ dùng làm rau","Vegetables, fruits, tubers used as vegetables",20,2.2,0.1,3.9,2.1,1.9,93.2,0.6,24,2.1,2,202,0.5,14,52,0.19,0.16,2.3,5.6,0.0,38.0,0.14,0.14,0.98,0.27,0.09,52.0,52.0
20034,Kim chi,"Kimchi, fermented","Rau, quả, củ dùng làm rau","Vegetables, fruits, tubers used as vegetables",18,1.1,0.5,2.4,1.6,1.1,92.0,2.8,33,2.5,498,151,0.2,14,24,0.05,0.15,0.5,18.0,0.0,18.0,0.02,0.21,1.1,0.1,0.2,24.0,24.0
20035,Bắp cải tím (cải tím),"Red cabbage, fresh","Rau, quả, củ dùng làm rau","Vegetables, fruits, tubers used as vegetables",31,1.4,0.2,7.4,2.1,3.8,90.4,0.7,45,0.8,27,243,0.2,16,30,0.02,0.24,0.6,57.0,0.0,56.0,0.06,0.07,0.4,0.15,0.21,18.0,18.0
20036,Mùi tây (ngò tây / parsley),"Parsley, fresh","Rau, quả, củ dùng làm rau","Vegetables, fruits, tubers used as vegetables",36,3.0,0.8,6.3,3.3,0.9,87.7,2.2,138,6.2,56,554,1.1,50,58,0.15,0.16,0.1,133.0,0.0,421.0,0.09,0.1,1.3,0.4,0.09,152.0,152.0
20037,Ngô bao tử (bắp non),"Baby corn, fresh","Rau, quả, củ dùng làm rau","Vegetables, fruits, tubers used as vegetables",26,1.8,0.2,5.2,1.6,1.0,91.5,0.7,14,0.6,6,180,0.4,16,38,0.05,0.08,0.4,8.0,0.0,6.0,0.04,0.06,0.6,0.2,0.08,20.0,20.0
20038,Nấm linh chi nâu (shimeji),Brown beech mushroom (Shimeji),"Rau, quả, củ dùng làm rau","Vegetables, fruits, tubers used as vegetables",32,2.5,0.4,5.5,2.8,1.0,90.0,0.8,6,0.8,8,320,0.7,16,95,0.15,0.1,2.5,0.0,0.0,0.0,0.1,0.2,4.2,1.0,0.1,30.0,30.0
20039,Thịt chay (sườn non chay),Textured vegetable protein (Soy meat),"Hạt, quả giàu đạm, béo và sản phẩm chế biến","Seeds, fruits rich in protein, fat and processed products",310,50.0,1.2,25.0,15.0,2.0,8.0,5.5,240,8.5,15,1800,4.5,250,650,1.2,2.0,10.0,0.0,0.0,0.0,0.6,0.3,2.5,1.5,0.5,200.0,200.0
20040,Chả lụa chay (giò lụa chay),Vegetarian Vietnamese ham,"Hạt, quả giàu đạm, béo và sản phẩm chế biến","Seeds, fruits rich in protein, fat and processed products",150,12.0,8.0,6.0,1.5,1.0,70.0,2.5,60,1.8,580,180,1.0,25,110,0.2,0.3,5.0,0.0,0.0,0.0,0.1,0.08,1.2,0.4,0.15,15.0,15.0
20041,Hành boa-rô (tỏi tây),Leek,"Rau, quả, củ dùng làm rau","Vegetables, fruits, tubers used as vegetables",61,1.5,0.3,14.2,1.8,3.9,83.0,0.9,59,2.1,20,180,0.4,28,35,0.12,0.48,1.0,12.0,0.0,83.0,0.06,0.03,0.4,0.14,0.23,64.0,64.0
20042,Lá giang (lá vang chua),Aganonerion polymorphum leaves,"Rau, quả, củ dùng làm rau","Vegetables, fruits, tubers used as vegetables",28,2.1,0.4,4.0,2.0,1.0,90.5,1.0,100,1.5,12,220,0.5,30,42,0.1,0.3,0.5,30.0,0.0,45.0,0.05,0.1,0.8,0.2,0.1,25.0,25.0
20043,Bông bí (hoa bí ngô),Pumpkin blossoms,"Rau, quả, củ dùng làm rau","Vegetables, fruits, tubers used as vegetables",15,1.0,0.1,3.3,1.0,1.2,94.0,0.6,39,0.7,5,173,0.3,24,49,0.1,0.15,0.5,28.0,0.0,97.0,0.04,0.08,0.7,0.2,0.06,59.0,59.0
20044,Bông điên điển,Sesbania sesban flower,"Rau, quả, củ dùng làm rau","Vegetables, fruits, tubers used as vegetables",25,2.5,0.2,3.5,1.8,1.0,91.0,1.0,40,1.2,10,210,0.4,22,45,0.1,0.2,0.5,25.0,0.0,35.0,0.05,0.09,0.9,0.2,0.08,35.0,35.0
20045,Bông so đũa,Sesbania grandiflora flower,"Rau, quả, củ dùng làm rau","Vegetables, fruits, tubers used as vegetables",27,1.5,0.2,5.0,1.2,1.8,91.5,0.6,25,0.8,15,184,0.38,12,30,0.14,0.14,0.8,73.0,0.0,20.0,0.08,0.08,1.4,0.28,0.08,102.0,102.0
20046,Tỏi phi giòn,Crispy fried garlic,"Gia vị, nước chấm","Spices, sauces",450,6.0,28.0,42.0,2.0,3.0,18.0,4.0,120,2.5,20,400,1.2,30,150,0.2,0.8,8.0,5.0,0.0,0.0,0.2,0.1,0.9,0.5,0.6,10.0,10.0
20047,Nước màu dừa (nước hàng),Coconut caramel braising sauce,"Gia vị, nước chấm","Spices, sauces",280,0.2,0.5,70.0,0.0,65.0,28.0,1.3,18,0.6,40,150,0.1,8,12,0.05,0.05,0.2,0.0,0.0,0.0,0.01,0.01,0.1,0.05,0.02,2.0,2.0
20048,Bò viên,Beef meatballs,Thịt và sản phẩm chế biến,Meat and processed products,185,16.0,11.5,4.0,0.0,0.5,65.0,2.5,20,2.2,550,240,3.5,18,160,0.1,0.05,15.0,0.0,2.0,2.0,0.06,0.15,3.5,0.4,0.25,6.0,6.0
20049,Củ nén (hành tăm),White scallion bulb (Allium odorum),"Rau, quả, củ dùng làm rau","Vegetables, fruits, tubers used as vegetables",45,1.8,0.2,9.0,1.5,2.5,87.0,0.5,40,1.0,10,190,0.3,15,35,0.08,0.2,0.5,15.0,0.0,5.0,0.04,0.03,0.5,0.15,0.18,22.0,22.0
20050,Rau mầm (mầm cải),Microgreens / Radish sprouts,"Rau, quả, củ dùng làm rau","Vegetables, fruits, tubers used as vegetables",23,3.0,0.5,3.0,1.5,1.0,91.0,1.0,50,1.5,25,260,0.6,35,60,0.12,0.4,1.0,35.0,0.0,40.0,0.1,0.12,1.5,0.4,0.2,90.0,90.0
20051,Thịt ba chỉ xông khói (Bacon),Bacon / Smoked pork belly,Thịt và sản phẩm chế biến,Meat and processed products,417,12.6,39.8,1.4,0.0,0.5,41.5,4.7,11,0.8,1420,360,1.8,15,180,0.08,0.02,38.0,0.0,10.0,10.0,0.38,0.22,4.5,0.7,0.28,3.0,3.0
20052,Bí ngòi (Zucchini),Zucchini / Courgette,"Rau, quả, củ dùng làm rau","Vegetables, fruits, tubers used as vegetables",17,1.2,0.3,3.1,1.0,2.2,94.8,0.6,16,0.4,8,261,0.32,18,38,0.05,0.18,0.2,17.9,0.0,10.0,0.05,0.09,0.45,0.2,0.16,24.0,24.0
20053,Bạch tuộc tươi,Fresh octopus,Thủy sản và sản phẩm chế biến,Seafood and processed products,82,14.9,1.0,2.2,0.0,0.0,80.5,1.4,53,5.3,230,350,1.7,30,186,0.4,0.05,44.8,5.0,45.0,45.0,0.03,0.04,2.1,0.5,0.36,16.0,16.0
20054,Cá kèo (Cá bống kèo),Goby fish (Pseudapocryptes elongatus),Thủy sản và sản phẩm chế biến,Seafood and processed products,89,17.5,1.8,0.0,0.0,0.0,79.5,1.2,80,1.5,75,290,1.1,25,170,0.1,0.04,25.0,0.0,25.0,25.0,0.08,0.12,2.5,0.4,0.2,10.0,10.0
20055,Cá bớp (Cá giò biển),Cobia fish (Rachycentron canadum),Thủy sản và sản phẩm chế biến,Seafood and processed products,105,19.5,2.8,0.0,0.0,0.0,76.5,1.2,45,1.2,85,340,0.9,28,200,0.08,0.03,32.0,0.0,30.0,30.0,0.1,0.15,4.2,0.6,0.35,12.0,12.0
20056,Cá lăng (Cá lăng sông),Asian redtail catfish (Hemibagrus),Thủy sản và sản phẩm chế biến,Seafood and processed products,112,18.2,4.0,0.0,0.0,0.0,76.8,1.0,50,1.4,70,310,1.0,26,185,0.09,0.03,28.0,0.0,28.0,28.0,0.09,0.14,3.8,0.5,0.3,11.0,11.0
20057,Cá linh (Cá linh non),Siamese mud carp (Henicorhynchus siamensis),Thủy sản và sản phẩm chế biến,Seafood and processed products,95,16.8,2.9,0.0,0.0,0.0,79.1,1.2,120,1.8,80,280,1.2,24,190,0.1,0.05,24.0,0.0,35.0,35.0,0.07,0.11,2.8,0.4,0.22,9.0,9.0
20058,Cá chẽm (Cá vược),Barramundi / Asian sea bass,Thủy sản và sản phẩm chế biến,Seafood and processed products,97,19.4,1.9,0.0,0.0,0.0,77.5,1.2,42,1.0,78,355,0.8,29,205,0.07,0.02,34.0,0.0,22.0,22.0,0.11,0.13,4.5,0.65,0.38,14.0,14.0
20059,Cá bạc má tươi,Indian mackerel (Rastrelliger kanagurta),Thủy sản và sản phẩm chế biến,Seafood and processed products,110,20.0,3.2,0.0,0.0,0.0,75.6,1.2,55,1.3,82,320,1.1,30,210,0.08,0.03,36.0,0.0,26.0,26.0,0.1,0.16,5.1,0.7,0.4,13.0,13.0
20060,Cá cơm tươi,Fresh anchovy,Thủy sản và sản phẩm chế biến,Seafood and processed products,85,17.0,1.5,0.0,0.0,0.0,80.2,1.3,150,2.1,90,290,1.4,32,220,0.12,0.06,30.0,0.0,20.0,20.0,0.06,0.1,3.2,0.45,0.25,10.0,10.0
20061,Cá hú (Cá hú sông),Pangasius bocourti,Thủy sản và sản phẩm chế biến,Seafood and processed products,125,16.5,6.2,0.0,0.0,0.0,76.2,1.1,38,1.1,72,295,0.9,22,175,0.07,0.02,26.0,0.0,30.0,30.0,0.08,0.12,3.0,0.5,0.28,9.0,9.0
20062,Hoa thiên lý (Bông thiên lý),Telosma cordata flower,"Rau, quả, củ dùng làm rau","Vegetables, fruits, tubers used as vegetables",29,2.8,0.2,4.5,2.0,1.8,89.5,1.0,52,1.2,15,280,0.8,28,45,0.1,0.25,0.8,32.0,0.0,65.0,0.12,0.15,1.1,0.35,0.18,48.0,48.0
20063,Bông súng (Cọng bông súng),Water lily stem (Nymphaea),"Rau, quả, củ dùng làm rau","Vegetables, fruits, tubers used as vegetables",16,1.0,0.1,3.2,1.2,1.5,94.2,0.5,35,0.6,12,190,0.3,15,25,0.04,0.12,0.3,8.0,0.0,15.0,0.04,0.05,0.4,0.15,0.08,18.0,18.0
20064,Củ hũ dừa (Cổ hũ dừa),Heart of palm / Coconut heart,"Rau, quả, củ dùng làm rau","Vegetables, fruits, tubers used as vegetables",35,1.5,0.2,6.8,2.4,3.5,90.5,0.6,42,0.8,18,310,0.4,20,36,0.06,0.15,0.5,12.0,0.0,5.0,0.06,0.07,0.6,0.22,0.12,22.0,22.0
20065,Rau càng cua,Peperomia pellucida (Shiny bush),"Rau, quả, củ dùng làm rau","Vegetables, fruits, tubers used as vegetables",24,1.5,0.2,4.1,1.8,1.5,93.0,0.8,34,3.2,22,277,0.5,25,32,0.08,0.2,0.6,26.0,0.0,85.0,0.08,0.11,0.8,0.3,0.15,35.0,35.0
20066,Rau đắng (Rau đắng biển),Bacopa monnieri / Glinus oppositifolius,"Rau, quả, củ dùng làm rau","Vegetables, fruits, tubers used as vegetables",20,1.8,0.2,3.0,1.5,0.8,93.5,1.5,60,1.5,35,260,0.4,28,38,0.07,0.18,0.5,25.0,0.0,70.0,0.07,0.1,0.7,0.25,0.14,30.0,30.0
20067,Kèo nèo (Cù nèo),Limnocharis flava (Yellow velvetleaf),"Rau, quả, củ dùng làm rau","Vegetables, fruits, tubers used as vegetables",18,1.2,0.1,3.5,1.4,1.2,94.0,0.6,40,0.8,16,210,0.3,18,28,0.05,0.14,0.4,15.0,0.0,35.0,0.05,0.06,0.5,0.2,0.1,20.0,20.0
20068,Nấm tuyết (Ngân nhĩ),Snow fungus / White fungus (Tremella fuciformis),"Rau, quả, củ dùng làm rau","Vegetables, fruits, tubers used as vegetables",200,8.0,0.6,65.0,25.0,2.0,14.0,3.5,64,30.4,45,680,3.1,60,210,0.45,0.85,5.2,0.0,0.0,0.0,0.14,0.32,3.5,0.8,0.22,40.0,40.0
20069,Trứng bắc thảo (Hột vịt bắc thảo),Century egg / Preserved duck egg,Trứng và sản phẩm chế biến,Eggs and processed products,170,13.5,12.0,1.5,0.0,0.5,68.0,2.5,63,2.7,520,215,1.5,14,210,0.15,0.04,32.0,0.0,140.0,140.0,0.08,0.35,0.2,1.2,0.18,45.0,45.0
20070,Whipping cream (Kem tươi whipping),Heavy whipping cream,Sữa và sản phẩm chế biến,Milk and processed products,345,2.1,37.0,2.8,0.0,2.8,57.5,0.6,65,0.1,38,95,0.25,7,60,0.02,0.01,2.5,0.6,380.0,380.0,0.02,0.11,0.1,0.25,0.03,4.0,4.0
20071,Chao đậu (Chao trắng / Chao đỏ),Fermented tofu (Chao),"Hạt, quả giàu đạm, béo và sản phẩm chế biến","Seeds, fruits rich in protein, fat and processed products",165,12.0,10.5,5.5,1.5,1.2,63.0,7.5,180,3.5,2800,180,1.2,45,150,0.2,0.4,8.0,0.0,0.0,0.0,0.05,0.18,0.8,0.3,0.15,25.0,25.0
20072,Rượu Mirin (Rượu gia vị Nhật),Mirin (Japanese sweet rice wine),"Gia vị, nước chấm","Spices, sauces",240,0.2,0.0,45.0,0.0,38.0,51.0,0.5,5,0.1,15,25,0.05,3,8,0.01,0.01,0.2,0.0,0.0,0.0,0.01,0.01,0.1,0.05,0.01,1.0,1.0
20073,Vỏ hoành thánh (Lá hoành thánh),Wonton wrappers,Ngũ cốc và sản phẩm chế biến,Cereals and processed products,280,8.5,1.2,58.0,2.0,1.0,29.0,1.3,25,1.8,340,110,0.8,18,85,0.1,0.35,15.0,0.0,0.0,0.0,0.22,0.12,2.5,0.4,0.12,40.0,40.0
20074,Thanh cua (Surimi),Crab stick (Surimi),Thủy sản và sản phẩm chế biến,Seafood and processed products,95,12.0,0.5,10.0,0.0,3.5,75.0,2.0,20,0.4,750,120,0.5,15,140,0.05,0.02,22.0,0.0,10.0,10.0,0.03,0.04,1.2,0.2,0.08,5.0,5.0
20075,Lạp xưởng heo,Chinese sausage (Lap cheong),Thịt và sản phẩm chế biến,Meat and processed products,450,18.0,38.0,8.0,0.0,6.5,32.0,4.0,22,1.8,1100,280,2.2,18,190,0.12,0.05,28.0,0.0,15.0,15.0,0.32,0.18,3.8,0.6,0.25,6.0,6.0
20076,Mít non (Mít xanh),Young jackfruit (Green jackfruit),"Rau, quả, củ dùng làm rau","Vegetables, fruits, tubers used as vegetables",45,2.0,0.3,9.5,4.0,2.5,83.0,1.2,38,0.9,10,320,0.4,25,35,0.08,0.15,0.4,10.0,0.0,20.0,0.06,0.08,0.7,0.25,0.15,24.0,24.0
20077,Củ kiệu muối (Dưa kiệu chua ngọt),Pickled scallion heads (Allium chinense),"Rau, quả, củ dùng làm rau","Vegetables, fruits, tubers used as vegetables",55,1.2,0.1,12.0,1.8,8.5,82.0,2.7,45,0.7,680,150,0.3,14,28,0.05,0.1,0.5,6.0,0.0,5.0,0.04,0.04,0.4,0.15,0.08,12.0,12.0
20078,Hạt chia (Chia seeds),Chia seeds,"Hạt, quả giàu đạm, béo và sản phẩm chế biến","Seeds, fruits rich in protein, fat and processed products",486,16.5,30.7,42.1,34.4,0.0,5.8,4.9,631,7.7,16,407,4.6,335,860,0.9,2.7,55.2,1.6,0.0,54.0,0.62,0.17,8.8,0.9,0.1,49.0,49.0
20079,ZZ deprecated 20079 -> 7038,,Thịt và sản phẩm chế biến,Meat and processed products,295,16.0,25.5,0.0,0.0,0.0,57.5,1.0,25,1.4,75,240,2.1,15,145,0.09,0.02,22.0,0.0,8.0,8.0,0.28,0.15,3.2,0.5,0.2,5.0,5.0
20080,Bơ đậu phộng (Bơ lạc),Peanut butter,"Hạt, quả giàu đạm, béo và sản phẩm chế biến","Seeds, fruits rich in protein, fat and processed products",588,25.0,50.0,20.0,6.0,9.0,2.0,3.0,43,1.9,420,650,2.8,154,350,0.5,1.5,7.5,0.0,0.0,0.0,0.14,0.1,13.5,1.1,0.45,86.0,86.0
20081,Xốt phô mai / xốt chấm,Cheese sauce / dipping sauce,Sữa và sản phẩm chế biến,Milk and processed products,210,5.5,18.0,6.5,0.2,3.5,66.0,3.8,150,0.3,780,110,0.8,12,180,0.03,0.02,5.0,0.0,120.0,120.0,0.03,0.12,0.2,0.3,0.05,8.0,8.0
20082,Hạt mắc khén,Zanthoxylum rhetsa (Mac khen seed),"Gia vị, nước chấm","Spices, sauces",280,8.5,7.2,45.0,22.0,2.0,10.0,7.3,240,12.0,30,580,2.5,95,160,0.6,3.5,8.0,15.0,0.0,30.0,0.25,0.2,2.8,0.6,0.35,35.0,35.0
20083,Thính gạo (Gạo rang xay),Roasted rice powder (Thinh),Ngũ cốc và sản phẩm chế biến,Cereals and processed products,360,7.5,1.0,80.0,1.5,0.5,9.0,1.0,12,1.0,5,120,1.3,30,100,0.15,1.1,12.0,0.0,0.0,0.0,0.15,0.04,2.0,0.8,0.2,15.0,15.0
20084,Bột ớt Paprika,Paprika powder,"Gia vị, nước chấm","Spices, sauces",282,14.1,12.9,54.0,34.0,10.3,11.2,7.8,229,21.1,68,2280,4.3,178,314,0.7,1.6,6.3,71.0,0.0,2463.0,0.33,1.23,10.1,2.5,2.14,49.0,49.0
20085,Nui / Mì Ý (Spaghetti),Pasta / Spaghetti / Macaroni,Ngũ cốc và sản phẩm chế biến,Cereals and processed products,350,12.0,1.5,72.0,3.2,2.5,10.0,1.3,21,1.8,10,180,1.4,45,150,0.25,0.8,26.0,0.0,0.0,0.0,0.35,0.15,3.5,0.5,0.15,28.0,28.0
20086,Đậu bắp (Bắp còi),Okra (Lady's finger),"Rau, quả, củ dùng làm rau","Vegetables, fruits, tubers used as vegetables",33,1.9,0.2,7.5,3.2,1.5,89.6,0.8,82,0.6,7,299,0.4,57,61,0.11,0.99,0.7,23.0,0.0,36.0,0.2,0.06,1.0,0.25,0.22,60.0,60.0
20087,Mì trứng (Mì sợi trứng),Egg noodles,Ngũ cốc và sản phẩm chế biến,Cereals and processed products,380,14.0,4.5,70.0,2.5,1.2,10.0,1.5,35,2.5,320,190,1.5,40,180,0.2,0.7,28.0,0.0,30.0,30.0,0.35,0.2,4.0,0.6,0.18,70.0,70.0
20088,Dầu hào (Sốt dầu hào),Oyster sauce,"Gia vị, nước chấm","Spices, sauces",51,1.4,0.2,11.0,0.0,9.0,78.0,9.4,32,0.4,2700,85,0.4,12,35,0.05,0.04,2.0,0.0,0.0,0.0,0.01,0.02,0.2,0.05,0.02,2.0,2.0
20089,Thịt chim cút,Quail meat,Thịt và sản phẩm chế biến,Meat and processed products,134,21.8,4.5,0.0,0.0,0.0,72.5,1.2,15,4.5,65,320,3.1,25,220,0.2,0.04,25.0,0.0,20.0,20.0,0.24,0.28,8.2,0.9,0.55,8.0,8.0
20090,Huyết heo (Tiết lợn),Pork blood / Pig blood curd,Thịt và sản phẩm chế biến,Meat and processed products,44,10.5,0.1,0.3,0.0,0.0,88.0,1.1,12,25.0,120,180,1.4,15,60,0.15,0.05,18.0,0.0,0.0,0.0,0.06,0.12,1.5,0.3,0.1,6.0,6.0
20091,Cream cheese (Phô mai kem),Cream cheese,Sữa và sản phẩm chế biến,Milk and processed products,342,6.0,34.0,5.5,0.0,3.8,53.5,1.0,98,0.4,320,140,0.5,9,105,0.02,0.01,5.5,0.0,360.0,360.0,0.02,0.15,0.2,0.45,0.05,12.0,12.0
20092,Cá ngát tươi,Black eeltail catfish (Plotosus canius),Thủy sản và sản phẩm chế biến,Seafood and processed products,102,18.0,3.2,0.0,0.0,0.0,77.6,1.2,65,1.4,75,310,1.0,24,180,0.08,0.03,26.0,0.0,25.0,25.0,0.08,0.12,3.5,0.5,0.25,10.0,10.0
20093,Cá đuối tươi,Stingray / Skate wing,Thủy sản và sản phẩm chế biến,Seafood and processed products,89,19.5,0.8,0.0,0.0,0.0,78.5,1.2,40,1.0,110,340,0.8,28,195,0.06,0.02,30.0,0.0,15.0,15.0,0.07,0.1,3.8,0.45,0.3,12.0,12.0
20094,Óc heo (Óc lợn),Pork brain,Thịt và sản phẩm chế biến,Meat and processed products,125,10.0,9.5,0.0,0.0,0.0,79.0,1.5,9,1.8,130,275,1.3,13,330,0.22,0.08,15.0,10.0,0.0,0.0,0.12,0.24,3.2,1.8,0.15,6.0,6.0
20095,Rau lang (Rau khoai lang),Sweet potato leaves,"Rau, quả, củ dùng làm rau","Vegetables, fruits, tubers used as vegetables",22,2.6,0.3,2.8,1.4,1.0,91.8,1.1,48,2.7,20,312,0.4,32,54,0.15,0.45,0.8,11.0,0.0,180.0,0.08,0.15,1.1,0.4,0.2,52.0,52.0
20096,Cật heo (Thận lợn),Pork kidney,Thịt và sản phẩm chế biến,Meat and processed products,98,16.5,3.2,0.5,0.0,0.0,78.5,1.3,13,5.8,190,260,2.9,18,250,0.45,0.1,140.0,8.0,85.0,85.0,0.35,1.7,7.5,3.5,0.45,45.0,45.0
20097,Thịt heo rừng,Wild boar meat,Thịt và sản phẩm chế biến,Meat and processed products,122,21.5,3.5,0.0,0.0,0.0,74.0,1.0,14,1.5,70,340,2.6,22,195,0.1,0.03,24.0,0.0,5.0,5.0,0.4,0.16,4.5,0.6,0.38,5.0,5.0
20098,Lá mắc mật (Lá móc mật),Clausena indica leaves,"Gia vị, nước chấm","Spices, sauces",45,2.5,0.8,7.0,3.5,1.0,85.0,1.2,110,2.2,15,240,0.5,35,45,0.08,0.3,0.5,25.0,0.0,80.0,0.08,0.12,1.2,0.3,0.18,35.0,35.0
20099,Lá nguyệt quế,Bay leaves (Laurus nobilis),"Gia vị, nước chấm","Spices, sauces",313,7.6,8.4,75.0,26.3,2.0,5.4,3.6,834,43.0,23,529,3.7,120,113,0.42,8.2,2.8,46.5,0.0,309.0,0.01,0.42,2.0,0.8,1.74,180.0,180.0
20100,Hương thảo (Rosemary) / Thyme,Rosemary / Thyme,"Gia vị, nước chấm","Spices, sauces",131,3.3,5.9,20.7,14.1,0.0,67.8,2.3,317,6.6,26,668,0.9,91,70,0.3,1.9,4.6,21.8,0.0,146.0,0.04,0.15,0.9,0.5,0.34,109.0,109.0
20104,Cá cam tươi (Amberjack),"Amberjack fish, fresh",Thủy sản và sản phẩm chế biến,Seafood and processed products,115,21.0,3.2,0.0,0.0,0.0,74.5,1.3,15,0.8,55,380,0.6,28,210,0.05,0.02,36.5,1.0,15,15,0.12,0.08,7.5,0.6,0.4,12,12
20103,Củ sen tươi (Lotus root),"Lotus root, raw","Rau, quả, củ dùng làm rau","Vegetables, fruits, tubers used as vegetables",74,1.7,0.1,17.2,4.9,0.5,79.1,0.9,45,1.1,40,556,0.4,23,100,0.25,0.26,0.7,44.0,0,0,0.16,0.22,0.4,0.37,0.25,13,13
20105,Thịt ếch,Frog meat,Thịt và sản phẩm chế biến,Meat and processed products,73,16.4,0.3,0.0,0.0,0.0,81.9,1.4,18,1.5,58,285,1.0,20,147,15.0,0.0,0.1,1.0,0.1,0.14,0.25,1.2,0.12,15.0,0.4,50.0,100.0
